CustomerID,FirstName,LastName,Email,Phone,Address,City,State,Zipcode
100,Carol,Shaw,cshaw0@mlb.com,(206)804-8771,8157 Longview Court,Seattle,WA,98121
101,Elizabeth,Carr,ecarr1@oracle.com,(512)187-2507,3934 Petterle Trail,Austin,TX,78732
102,Ernest,Ramos,eramos2@plala.or.jp,(816)540-4257,8699 Clarendon Terrace,Kansas City,MO,64199
103,Jane,Carter,jcarter3@harvard.edu,(214)839-0542,2830 Novick Lane,Irving,TX,75037
104,Martha,Cooper,mcooper4@go.com,(727)235-5696,4537 Hoard Lane,Tampa,FL,33625
105,Patricia,Fox,pfox5@hubpages.com,(240)937-3491,40748 Stoughton Parkway,Frederick,MD,21705
106,Jack,Peters,jpeters6@java.com,(832)171-7210,1 Gerald Hill,Spring,TX,77386
107,Brian,Mcdonald,bmcdonald7@ft.com,(405)255-8820,15 High Crossing Street,Oklahoma City,OK,73167
108,Nicholas,Clark,nclark8@miibeian.gov.cn,(203)941-4125,87 Michigan Way,Danbury,CT,6816
109,Cheryl,Robinson,crobinson9@tuttocitta.it,(205)646-1280,58149 Gale Lane,Birmingham,AL,35244
110,Doris,Ramirez,dramireza@cbslocal.com,(574)199-9006,657 Muir Crossing,South Bend,IN,46614
111,Sandra,Ortiz,sortizb@cloudflare.com,(757)407-9411,2 Moose Terrace,Richmond,VA,23225
112,Timothy,Garrett,tgarrettc@cisco.com,(513)298-2899,887 Gina Trail,Cincinnati,OH,45223
113,Chris,Williamson,cwilliamsond@fotki.com,(505)896-8356,4 Burning Wood Way,Albuquerque,NM,87180
114,Norma,Scott,nscotte@dell.com,(612)432-2596,09878 Redwing Court,Minneapolis,MN,55470
115,Brandon,Webb,bwebbf@fastcompany.com,(915)364-3590,98255 Colorado Parkway,El Paso,TX,79968
116,Stephen,Mason,smasong@shinystat.com,(415)861-1390,7 Manley Trail,San Francisco,CA,94159
117,Gloria,Armstrong,garmstrongh@unicef.org,(863)646-4449,972 Waywood Alley,Lakeland,FL,33811
118,Beverly,Meyer,bmeyeri@cyberchimps.com,(208)900-5215,59460 Rutledge Crossing,Boise,ID,83757
119,Janice,Mitchell,jmitchellj@lycos.com,(360)759-7569,640 Calypso Drive,Olympia,WA,98516
120,Ronald,Murphy,rmurphyk@yandex.ru,(303)447-5945,452 Parkside Lane,Denver,CO,80235
121,Ruby,Lawson,rlawsonl@ted.com,(361)927-9275,26332 Granby Junction,Corpus Christi,TX,78465
122,Jean,Palmer,jpalmerm@delicious.com,(402)166-3811,5 Dwight Point,Lincoln,NE,68505
123,Shawn,Peters,spetersn@auda.org.au,(754)644-1728,7 Monument Street,Fort Lauderdale,FL,33320
124,Pamela,Welch,pwelcho@wordpress.com,(303)685-7506,2814 Longview Place,Englewood,CO,80150
125,Kathy,Alexander,kalexanderp@ebay.co.uk,(713)885-7289,49374 Meadow Vale Place,Houston,TX,77250
126,James,Howard,jhowardq@dedecms.com,(814)712-1655,4 Derek Junction,Johnstown,PA,15906
127,Steven,Hawkins,shawkinsr@geocities.com,(386)399-7311,4858 Vera Hill,Daytona Beach,FL,32128
128,Randy,Gibson,rgibsons@jiathis.com,(202)482-9082,74 Bobwhite Parkway,Washington,DC,20404
129,Arthur,Williams,awilliamst@cdc.gov,(210)398-3890,84368 Cascade Trail,San Antonio,TX,78215
130,Justin,Gray,jgrayu@bravesites.com,(316)348-7229,8 Drewry Way,Wichita,KS,67260
131,Juan,Patterson,jpattersonv@google.ca,(239)586-8646,33542 Goodland Hill,Naples,FL,34108
132,Tina,Perez,tperezw@goo.gl,(202)681-7649,718 Grayhawk Circle,Washington,DC,20073
133,Earl,Carter,ecarterx@foxnews.com,(585)898-4271,116 Lake View Way,Rochester,NY,14624
134,Kelly,Taylor,ktaylory@who.int,(612)375-7927,13745 Oakridge Avenue,Saint Paul,MN,55108
135,Doris,Watkins,dwatkinsz@odnoklassniki.ru,(615)146-9069,23865 Sutteridge Avenue,Nashville,TN,37215
136,Rebecca,Graham,rgraham10@elegantthemes.com,(803)551-8204,34900 Troy Court,Columbia,SC,29203
137,Pamela,Myers,pmyers11@drupal.org,(904)437-0721,7 Becker Trail,Jacksonville,FL,32225
138,Lawrence,Hicks,lhicks12@friendfeed.com,(407)715-6328,90133 Eggendart Road,Orlando,FL,32808
139,Brian,Mccoy,bmccoy13@github.com,(605)640-2099,16 Ohio Pass,Sioux Falls,SD,57198
140,Diane,Perez,dperez14@illinois.edu,(801)689-1009,850 Warbler Avenue,Salt Lake City,UT,84130
141,Elizabeth,Jordan,ejordan15@icq.com,(203)229-6571,3 Ridgeview Crossing,Stamford,CT,6912
142,Patrick,Young,pyoung16@blogs.com,(334)677-3271,4 Judy Avenue,Montgomery,AL,36195
143,Wayne,Bradley,wbradley17@answers.com,(843)376-4157,853 Darwin Lane,Florence,SC,29505
144,Anne,Hicks,ahicks18@dion.ne.jp,(518)284-3424,57406 Graceland Place,Albany,NY,12247
145,Steven,Gardner,sgardner19@foxnews.com,(804)195-7390,7344 Clemons Circle,Richmond,VA,23208
146,Donald,Jackson,djackson1a@hp.com,(203)197-6690,2 Browning Plaza,Waterbury,CT,6721
147,Michael,Marshall,mmarshall1b@buzzfeed.com,(316)177-7839,9774 Glacier Hill Circle,Wichita,KS,67215
148,Wayne,Stanley,wstanley1c@washingtonpost.com,(216)106-9059,3654 Namekagon Center,Cleveland,OH,44177
149,Emily,Watkins,ewatkins1d@bandcamp.com,(573)848-0093,1217 West Center,Columbia,MO,65218
150,Sean,Myers,smyers1e@dot.gov,(214)923-5599,26436 Hazelcrest Circle,Dallas,TX,75367
151,Earl,Richards,erichards1f@google.nl,(281)133-3455,5 Washington Crossing,Houston,TX,77020
152,Brandon,Murray,bmurray1g@state.tx.us,(843)611-5603,5681 Steensland Hill,Charleston,SC,29403
153,Matthew,Jacobs,mjacobs1h@linkedin.com,(336)125-0595,935 Elmside Trail,Greensboro,NC,27409
154,Diane,Scott,dscott1i@ft.com,(616)994-9361,79198 Village Green Park,Grand Rapids,MI,49505
155,Sarah,Taylor,staylor1j@yandex.ru,(937)243-9631,1748 Namekagon Trail,Dayton,OH,45403
156,Andrew,Nichols,anichols1k@time.com,(405)462-7126,9844 Scofield Place,Oklahoma City,OK,73197
157,Sarah,Cooper,scooper1l@nba.com,(812)331-9986,3 Merchant Plaza,Evansville,IN,47732
158,Benjamin,Fuller,bfuller1m@nytimes.com,(405)815-9421,7 Mallard Trail,Oklahoma City,OK,73129
159,Roger,Williamson,rwilliamson1n@businesswire.com,(915)549-5367,16 Westport Avenue,El Paso,TX,79923
160,Keith,Duncan,kduncan1o@google.com.au,(806)318-7142,04 Becker Hill,Amarillo,TX,79159
161,Diane,Bishop,dbishop1p@vk.com,(205)735-8066,98969 Stoughton Place,Birmingham,AL,35295
162,Rebecca,Sanchez,rsanchez1q@cyberchimps.com,(916)849-0414,72828 Eliot Court,Sacramento,CA,94207
163,Jack,Turner,jturner1r@google.com.hk,(202)640-4186,9 Springs Plaza,Washington,DC,20370
164,Joshua,Jordan,jjordan1s@biblegateway.com,(405)850-1932,584 Boyd Park,Edmond,OK,73034
165,Jane,Meyer,jmeyer1t@deviantart.com,(480)411-9714,63324 Bunting Circle,Apache Junction,AZ,85219
166,Thomas,Henderson,thenderson1u@theguardian.com,(718)593-8113,77107 Alpine Center,Brooklyn,NY,11225
167,Brandon,Matthews,bmatthews1v@hostgator.com,(302)698-9570,7 Daystar Court,Wilmington,DE,19892
168,Mark,Perkins,mperkins1w@amazon.com,(708)686-6103,073 Packers Pass,Chicago,IL,60604
169,Willie,Castillo,wcastillo1x@geocities.jp,(573)387-7555,4263 Hagan Pass,Jefferson City,MO,65110
170,Andrew,Foster,afoster1y@europa.eu,(901)947-0766,06592 John Wall Center,Memphis,TN,38197
171,Andrew,Ortiz,aortiz1z@qq.com,(949)234-1512,4469 Jay Lane,Orange,CA,92867
172,Katherine,Butler,kbutler20@mediafire.com,(303)479-3187,01383 Buell Avenue,Englewood,CO,80150
173,Henry,Woods,hwoods21@fema.gov,(718)244-0223,48 Ronald Regan Road,Bronx,NY,10459
174,Janet,Murphy,jmurphy22@php.net,(484)491-6418,57 Gerald Way,Reading,PA,19605
175,Richard,Henderson,rhenderson23@360.cn,(703)668-7022,26 Blaine Way,Washington,DC,20041
176,Antonio,Meyer,ameyer24@weather.com,(626)579-5161,913 Esker Crossing,Pasadena,CA,91186
177,Wayne,Robertson,wrobertson25@walmart.com,(202)264-0678,8 Briar Crest Street,Washington,DC,20210
178,Cheryl,Sanchez,csanchez26@marketwatch.com,(612)423-1305,78 Southridge Point,Saint Paul,MN,55114
179,Michael,Green,mgreen27@google.co.jp,(330)828-1467,98311 Westend Place,Akron,OH,44310
180,Shawn,Martin,smartin28@abc.net.au,(212)185-8360,1496 Reinke Lane,New York City,NY,10275
181,Louise,Cook,lcook29@mozilla.org,(704)875-0555,1 Reinke Street,Charlotte,NC,28242
182,Barbara,Olson,bolson2a@washington.edu,(727)616-5916,9 Maryland Place,Saint Petersburg,FL,33705
183,Dorothy,Meyer,dmeyer2b@weibo.com,(434)454-3896,805 Pearson Court,Charlottesville,VA,22908
184,Kathleen,Adams,kadams2c@thetimes.co.uk,(570)389-8270,8320 Cordelia Avenue,Wilkes Barre,PA,18706
185,Michael,Porter,mporter2d@statcounter.com,(516)204-5874,628 Golf Course Way,Hicksville,NY,11854
186,Todd,Reed,treed2e@furl.net,(951)162-0813,6 Coolidge Terrace,Moreno Valley,CA,92555
187,Marilyn,Murray,mmurray2f@webs.com,(915)548-3952,8676 Crescent Oaks Avenue,El Paso,TX,88541
188,Tammy,Knight,tknight2g@friendfeed.com,(334)240-0352,79487 Ridgeway Avenue,Montgomery,AL,36134
189,Ryan,Scott,rscott2h@360.cn,(716)930-6015,867 Luster Lane,Buffalo,NY,14205
190,Louise,Reed,lreed2i@slideshare.net,(518)351-9744,5151 Park Meadow Circle,Albany,NY,12232
191,Antonio,Freeman,afreeman2j@blog.com,(410)684-0706,29470 Artisan Road,Baltimore,MD,21282
192,Steven,Hughes,shughes2k@biglobe.ne.jp,(754)430-9285,59182 Anhalt Terrace,Fort Lauderdale,FL,33320
193,Barbara,Bell,bbell2l@google.pl,(213)127-0383,76413 Stone Corner Lane,Los Angeles,CA,90065
194,Brian,Shaw,bshaw2m@1688.com,(208)703-6496,2825 Badeau Trail,Boise,ID,83727
195,Annie,Kelley,akelley2n@eventbrite.com,(402)519-6350,5332 Bunker Hill Street,Lincoln,NE,68531
196,Charles,Gordon,cgordon2o@xrea.com,(803)622-2264,33 Lakewood Lane,Columbia,SC,29240
197,Larry,Chavez,lchavez2p@google.com,(360)551-8252,4628 Montana Court,Vancouver,WA,98664
198,Amanda,Phillips,aphillips2q@mediafire.com,(330)724-4439,730 Kings Circle,Akron,OH,44310
199,Janet,Perez,jperez2r@cbslocal.com,(817)516-6489,986 Tennyson Avenue,Arlington,TX,76004
200,Janet,Kelley,jkelley2s@live.com,(305)539-5954,2796 Montana Road,Miami,FL,33169
201,Joseph,Wagner,jwagner2t@typepad.com,(813)402-3213,7 Springs Pass,Tampa,FL,33686
202,Alice,Freeman,afreeman2u@time.com,(904)533-7110,78 Leroy Street,Jacksonville,FL,32277
203,Diane,Kelly,dkelly2v@fastcompany.com,(229)336-9527,6367 Bobwhite Alley,Albany,GA,31704
204,Donald,Gilbert,dgilbert2w@irs.gov,(309)336-8606,85 Corben Plaza,Carol Stream,IL,60351
205,Ryan,Rice,rrice2x@unc.edu,(714)794-8090,9039 Westridge Circle,Anaheim,CA,92812
206,Chris,Wallace,cwallace2y@addtoany.com,(719)736-7848,90126 Service Avenue,Colorado Springs,CO,80935
207,Betty,Miller,bmiller2z@bravesites.com,(915)315-0516,17 Scofield Terrace,El Paso,TX,88558
208,Mark,Gray,mgray30@bluehost.com,(504)742-3582,159 Merchant Street,Metairie,LA,70033
209,Sarah,Webb,swebb31@cnn.com,(512)976-0804,22 Fremont Lane,Austin,TX,78737
210,Norma,Ramos,nramos32@jigsy.com,(813)475-8758,8 Hanover Trail,Tampa,FL,33694
211,Benjamin,Garcia,bgarcia33@meetup.com,(254)943-5533,71742 Corben Junction,Waco,TX,76796
212,Frank,Castillo,fcastillo34@list-manage.com,(609)870-3651,8216 Amoth Lane,Trenton,NJ,8638
213,Jerry,Chapman,jchapman35@slideshare.net,(623)450-0823,042 Thierer Point,Phoenix,AZ,85035
214,Albert,Fisher,afisher36@pbs.org,(859)821-7618,447 Meadow Valley Crossing,Lexington,KY,40505
215,Juan,Price,jprice37@barnesandnoble.com,(202)808-7431,59536 Blackbird Street,Washington,DC,20238
216,Michelle,Clark,mclark38@tinyurl.com,(203)601-7270,74 Bunker Hill Crossing,Stamford,CT,6912
217,Sharon,Wallace,swallace39@jiathis.com,(919)179-3974,896 Lakewood Gardens Park,Durham,NC,27710
218,Lori,Walker,lwalker3a@nasa.gov,(940)804-0359,9 School Street,Wichita Falls,TX,76310
219,Henry,Roberts,hroberts3b@tumblr.com,(215)484-0202,1076 Linden Hill,Philadelphia,PA,19191
220,Julia,Larson,jlarson3c@yandex.ru,(404)568-5137,540 Nelson Lane,Atlanta,GA,30375
221,Nancy,Garza,ngarza3d@mozilla.org,(602)157-9607,1360 Mcguire Trail,Mesa,AZ,85215
222,Denise,Burton,dburton3e@tuttocitta.it,(317)535-4775,6536 Magdeline Place,Indianapolis,IN,46254
223,Janet,Griffin,jgriffin3f@tmall.com,(562)747-2061,81951 Dorton Parkway,Huntington Beach,CA,92648
224,Amanda,Greene,agreene3g@imageshack.us,(702)984-3974,4699 Kenwood Drive,Las Vegas,NV,89105
225,Jonathan,Gonzales,jgonzales3h@google.com,(202)641-2038,2 Graedel Way,Alexandria,VA,22309
226,Eugene,Jones,ejones3i@independent.co.uk,(330)209-9549,211 Ridge Oak Plaza,Youngstown,OH,44555
227,Michael,Anderson,manderson3j@com.com,(316)313-9367,882 Bultman Pass,Wichita,KS,67220
228,Jason,Rivera,jrivera3k@tamu.edu,(336)499-5334,6 Burning Wood Way,Winston Salem,NC,27150
229,Louise,Gray,lgray3l@wordpress.org,(202)238-9297,8 Mccormick Alley,Washington,DC,20409
230,Rose,Frazier,rfrazier3m@walmart.com,(215)957-8575,9349 Straubel Parkway,Philadelphia,PA,19136
231,Ronald,Larson,rlarson3n@pagesperso-orange.fr,(850)925-2402,85302 Maple Wood Parkway,Pensacola,FL,32526
232,Louis,Cunningham,lcunningham3o@bravesites.com,(309)839-6739,464 Luster Terrace,Peoria,IL,61614
233,Kathryn,Perez,kperez3p@angelfire.com,(806)987-0504,7819 Armistice Road,Amarillo,TX,79105
234,Randy,Parker,rparker3q@reddit.com,(951)488-7542,7491 Dennis Circle,Moreno Valley,CA,92555
235,Richard,Arnold,rarnold3r@nhs.uk,(206)737-6446,86 Mccormick Road,Seattle,WA,98158
236,Shawn,Mendoza,smendoza3s@wikipedia.org,(786)928-4403,62 Michigan Hill,Miami,FL,33245
237,Christine,Cox,ccox3t@prweb.com,(716)524-0663,960 Manitowish Street,Buffalo,NY,14210
238,Patricia,Murray,pmurray3u@deviantart.com,(330)220-6719,0 Kenwood Trail,Akron,OH,44310
239,Joyce,Rivera,jrivera3v@mail.ru,(213)844-6935,22134 Rutledge Avenue,Los Angeles,CA,90055
240,Earl,Carr,ecarr3w@noaa.gov,(702)362-6613,32699 Melvin Drive,Las Vegas,NV,89166
241,Lawrence,Kelley,lkelley3x@pen.io,(502)652-8141,62659 Lawn Crossing,Louisville,KY,40233
242,Matthew,Gomez,mgomez3y@upenn.edu,(305)171-1156,6 Anthes Way,Miami,FL,33190
243,Anthony,Jacobs,ajacobs3z@businesswire.com,(215)633-0705,5885 Maple Crossing,Philadelphia,PA,19141
244,Diane,Jenkins,djenkins40@nydailynews.com,(812)919-1806,583 Walton Circle,Evansville,IN,47747
245,Kimberly,Harvey,kharvey41@arstechnica.com,(718)977-2965,0092 Dapin Alley,Brooklyn,NY,11225
246,Joseph,Garcia,jgarcia42@stanford.edu,(754)478-7503,5 Homewood Crossing,Fort Lauderdale,FL,33345
247,Antonio,Gutierrez,agutierrez43@moonfruit.com,(405)431-0433,7378 Fuller Drive,Oklahoma City,OK,73104
248,Anna,Wallace,awallace44@mapquest.com,(941)539-8620,625 Browning Circle,Bonita Springs,FL,34135
249,Harold,Young,hyoung45@google.com.au,(862)881-0790,8 Kennedy Junction,Newark,NJ,7188
250,Alice,Fisher,afisher46@wikipedia.org,(619)750-9376,9 Hermina Junction,San Diego,CA,92191
251,Kathy,Duncan,kduncan47@naver.com,(251)503-2454,78 Sutteridge Trail,Mobile,AL,36641
252,Mildred,Williams,mwilliams48@sun.com,(661)691-6057,89 Independence Circle,Palmdale,CA,93591
253,Teresa,Reed,treed49@prnewswire.com,(619)152-4245,84953 Fairview Junction,San Diego,CA,92127
254,Anthony,King,aking4a@wp.com,(281)318-2460,38916 Barby Hill,Houston,TX,77020
255,Tina,Kelley,tkelley4b@slate.com,(214)711-7757,22906 Warbler Center,Garland,TX,75049
256,Ashley,Vasquez,avasquez4c@dailymail.co.uk,(904)224-2121,320 Susan Parkway,Jacksonville,FL,32225
257,Ann,Woods,awoods4d@simplemachines.org,(915)107-9976,9 Scofield Lane,El Paso,TX,88525
258,Daniel,Hicks,dhicks4e@kickstarter.com,(402)869-0401,088 Carpenter Crossing,Omaha,NE,68124
259,Debra,Jones,djones4f@weibo.com,(914)467-2219,2642 Melrose Street,Bronx,NY,10464
260,Norma,Lawson,nlawson4g@netlog.com,(215)213-8307,0 Hermina Center,Philadelphia,PA,19146
261,Elizabeth,Robertson,erobertson4h@state.tx.us,(210)219-3930,4 Kropf Park,San Antonio,TX,78245
262,Paul,Ray,pray4i@sogou.com,(202)341-0847,85 Eastwood Alley,Washington,DC,20525
263,Cynthia,Wallace,cwallace4j@themeforest.net,(386)362-3268,21646 Straubel Place,Daytona Beach,FL,32123
264,Larry,Burns,lburns4k@a8.net,(901)790-7398,13 Banding Court,Memphis,TN,38131
265,Julia,Morrison,jmorrison4l@sciencedirect.com,(765)263-2600,265 Loomis Court,Anderson,IN,46015
266,David,Lee,dlee4m@themeforest.net,(510)791-8035,5116 Summit Junction,Oakland,CA,94627
267,Virginia,Romero,vromero4n@creativecommons.org,(401)279-0610,897 Fairview Court,Providence,RI,2912
268,Anne,Campbell,acampbell4o@blogger.com,(262)720-2274,8 Coolidge Circle,Racine,WI,53405
269,Beverly,Lee,blee4p@themeforest.net,(937)483-5590,55 Sutherland Road,Dayton,OH,45440
270,Harold,Scott,hscott4q@goodreads.com,(312)537-8461,55 South Center,Chicago,IL,60691
271,Lois,Edwards,ledwards4r@dagondesign.com,(586)930-0475,6938 Briar Crest Crossing,Detroit,MI,48211
272,Mary,Reid,mreid4s@nationalgeographic.com,(803)297-6146,6946 Surrey Park,Aiken,SC,29805
273,Emily,Patterson,epatterson4t@dailymotion.com,(254)842-1714,3696 Lerdahl Street,Waco,TX,76796
274,Jean,Stanley,jstanley4u@sogou.com,(971)114-7204,76458 Hoard Junction,Portland,OR,97271
275,James,Watkins,jwatkins4v@discuz.net,(727)429-0276,8316 Susan Alley,Clearwater,FL,33763
276,Christopher,Ramos,cramos4w@sciencedirect.com,(406)105-5737,4 Stone Corner Street,Bozeman,MT,59771
277,Jessica,Green,jgreen4x@foxnews.com,(210)732-4312,97073 Lake View Crossing,San Antonio,TX,78235
278,Michelle,Black,mblack4y@canalblog.com,(909)961-8703,793 Dorton Center,Riverside,CA,92505
279,Ernest,Thompson,ethompson4z@apple.com,(917)470-7912,11 Oxford Center,New York City,NY,10280
280,Katherine,Johnston,kjohnston50@smugmug.com,(212)835-6059,2 Brown Point,New York City,NY,10150
281,Douglas,Dean,ddean51@yelp.com,(786)516-8021,98 Melvin Crossing,Homestead,FL,33034
282,Anne,Welch,awelch52@newsvine.com,(504)460-7093,62159 4th Street,New Orleans,LA,70129
283,Harold,Patterson,hpatterson53@amazon.de,(602)840-8521,38 Messerschmidt Terrace,Chandler,AZ,85246
284,Doris,Oliver,doliver54@aol.com,(215)992-5766,253 Canary Trail,Philadelphia,PA,19104
285,Rebecca,Wright,rwright55@shutterfly.com,(517)253-0435,79 Forster Circle,Lansing,MI,48956
286,Kenneth,Fox,kfox56@paginegialle.it,(928)349-0482,57221 Scott Place,Mesa,AZ,85210
287,Samuel,Harper,sharper57@bloomberg.com,(314)303-6004,99789 Miller Pass,Saint Louis,MO,63180
288,Jacqueline,Ryan,jryan58@dropbox.com,(407)731-3293,61 Londonderry Pass,Orlando,FL,32854
289,Teresa,Garcia,tgarcia59@friendfeed.com,(971)249-6572,8065 La Follette Park,Portland,OR,97271
290,Sarah,Matthews,smatthews5a@usatoday.com,(240)241-4667,17915 Erie Parkway,Bowie,MD,20719
291,Martin,Hicks,mhicks5b@topsy.com,(202)341-2663,063 Pond Park,Washington,DC,20530
292,Roger,Welch,rwelch5c@globo.com,(517)291-9112,43046 Kropf Junction,Lansing,MI,48912
293,Denise,Fernandez,dfernandez5d@dedecms.com,(509)137-0526,515 Reinke Alley,Spokane,WA,99260
294,Jerry,Dixon,jdixon5e@ed.gov,(423)909-3890,02010 Helena Crossing,Chattanooga,TN,37405
295,Patrick,Rivera,privera5f@ning.com,(412)305-9063,2 Delaware Alley,Pittsburgh,PA,15230
296,Jack,Hudson,jhudson5g@wufoo.com,(956)915-8711,15806 Derek Way,Laredo,TX,78044
297,George,Cook,gcook5h@rediff.com,(616)962-6300,318 Jackson Court,Grand Rapids,MI,49544
298,Johnny,Johnston,jjohnston5i@dion.ne.jp,(515)221-3729,0 Ronald Regan Lane,Des Moines,IA,50362
299,Bruce,Perez,bperez5j@netlog.com,(801)710-8211,60 Thierer Court,Salt Lake City,UT,84145
300,Joan,Brown,jbrown5k@prlog.org,(801)747-3037,616 Hooker Street,Salt Lake City,UT,84130
301,Amanda,Morrison,amorrison5l@1688.com,(408)574-1126,0 Bluejay Terrace,Los Angeles,CA,90010
302,Deborah,Kennedy,dkennedy5m@msn.com,(937)133-3235,5717 Anniversary Court,Dayton,OH,45426
303,Fred,Martinez,fmartinez5n@irs.gov,(202)976-3041,59 Rutledge Plaza,Washington,DC,20425
304,Laura,Chavez,lchavez5o@washington.edu,(401)680-8118,73046 Lighthouse Bay Junction,Providence,RI,2905
305,Jack,White,jwhite5p@google.com,(317)288-2348,6534 Buena Vista Avenue,Indianapolis,IN,46221
306,Andrew,Lewis,alewis5q@sina.com.cn,(316)870-5446,9068 Vera Drive,Wichita,KS,67215
307,Jack,Foster,jfoster5r@mozilla.com,(816)345-0538,58 Maple Wood Place,Kansas City,MO,64125
308,Alice,Gutierrez,agutierrez5s@fda.gov,(785)635-5145,6456 Vidon Pass,Topeka,KS,66606
309,Bobby,Ray,bray5t@google.ca,(907)483-8188,6 Wayridge Court,Anchorage,AK,99517
310,Heather,Ellis,hellis5u@123-reg.co.uk,(410)265-3794,056 Bultman Center,Baltimore,MD,21290
311,Karen,Porter,kporter5v@yandex.ru,(720)805-7418,3829 Sunnyside Drive,Denver,CO,80209
312,Robert,Larson,rlarson5w@wikispaces.com,(504)853-5944,4 Knutson Junction,New Orleans,LA,70165
313,William,Murphy,wmurphy5x@uiuc.edu,(903)678-5276,76 Blackbird Terrace,Tyler,TX,75705
314,Jerry,Collins,jcollins5y@tripod.com,(559)707-6751,9987 Mandrake Drive,Fresno,CA,93721
315,Julia,Freeman,jfreeman5z@delicious.com,(513)390-4199,452 Red Cloud Hill,Cincinnati,OH,45249
316,Denise,Armstrong,darmstrong60@mediafire.com,(850)138-2065,3 Westerfield Crossing,Panama City,FL,32405
317,Ruth,Morris,rmorris61@whitehouse.gov,(405)986-4530,2082 Ronald Regan Trail,Norman,OK,73071
318,Johnny,Butler,jbutler62@yolasite.com,(786)743-1707,1399 Kedzie Crossing,Miami,FL,33111
319,Tina,Jackson,tjackson63@narod.ru,(305)791-7531,2 Straubel Trail,Naples,FL,33961
320,Alan,Lawson,alawson64@livejournal.com,(816)804-1726,83 Esker Place,Kansas City,MO,64142
321,Denise,Myers,dmyers65@ucoz.com,(202)646-6358,3867 Golf Course Pass,Washington,DC,20503
322,Brenda,Day,bday66@myspace.com,(814)920-1804,985 Fuller Center,Erie,PA,16505
323,Peter,Hall,phall67@ca.gov,(405)690-9653,40893 Sycamore Plaza,Norman,OK,73071
324,Frank,Bell,fbell68@sbwire.com,(501)787-6038,1887 Maywood Circle,North Little Rock,AR,72199
325,George,Castillo,gcastillo69@360.cn,(865)335-3279,3115 Bultman Terrace,Knoxville,TN,37919
326,Margaret,Dunn,mdunn6a@topsy.com,(602)971-3895,80 Warrior Place,Phoenix,AZ,85030
327,Jason,Owens,jowens6b@wiley.com,(608)283-7109,39706 Kipling Street,Madison,WI,53716
328,Brenda,Kelly,bkelly6c@boston.com,(865)239-5945,484 Birchwood Point,Knoxville,TN,37995
329,Lillian,Green,lgreen6d@cdc.gov,(719)750-8514,76620 Calypso Hill,Colorado Springs,CO,80935
330,Paula,Campbell,pcampbell6e@scientificamerican.com,(203)981-1637,97 Drewry Street,Stamford,CT,6912
331,Jessica,Dean,jdean6f@wiley.com,(336)567-4477,14 John Wall Place,Winston Salem,NC,27110
332,Jennifer,Davis,jdavis6g@elpais.com,(210)288-0844,01 Hollow Ridge Plaza,San Antonio,TX,78245
333,Nicole,Hanson,nhanson6h@so-net.ne.jp,(361)164-4430,69 2nd Point,Corpus Christi,TX,78475
334,Lois,Warren,lwarren6i@intel.com,(205)922-6347,419 Shasta Circle,Birmingham,AL,35254
335,Wayne,Shaw,wshaw6j@cbsnews.com,(850)377-5441,76727 South Alley,Tallahassee,FL,32309
336,Aaron,Robertson,arobertson6k@wunderground.com,(218)477-5056,14747 Eagle Crest Street,Duluth,MN,55811
337,Harry,Watkins,hwatkins6l@oracle.com,(217)811-0247,96449 La Follette Road,Champaign,IL,61825
338,Michael,Johnston,mjohnston6m@prweb.com,(404)535-2335,9688 Chive Drive,Atlanta,GA,30368
339,Terry,Wood,twood6n@geocities.com,(210)847-1508,9183 Maryland Drive,San Antonio,TX,78278
340,Daniel,Chapman,dchapman6o@163.com,(424)275-3503,806 Warbler Junction,Los Angeles,CA,90025
341,Richard,Hart,rhart6p@qq.com,(603)699-0721,55 Merry Park,Manchester,NH,3105
342,Patrick,Barnes,pbarnes6q@washingtonpost.com,(641)467-3797,252 Kensington Trail,Des Moines,IA,50315
343,Raymond,Brooks,rbrooks6r@desdev.cn,(810)307-5152,516 Talisman Circle,Flint,MI,48505
344,Peter,Anderson,panderson6s@ihg.com,(626)334-3126,31 Burrows Court,Pasadena,CA,91199
345,Jessica,Grant,jgrant6t@psu.edu,(410)279-2385,982 Sycamore Parkway,Baltimore,MD,21281
346,Linda,Parker,lparker6u@hexun.com,(334)830-3103,7919 Sheridan Park,Montgomery,AL,36134
347,Brandon,Elliott,belliott6v@yellowbook.com,(312)468-6917,494 Hansons Terrace,Chicago,IL,60686
348,Gloria,Marshall,gmarshall6w@bandcamp.com,(626)788-3519,0 Springs Point,Pasadena,CA,91117
349,Judith,Kelly,jkelly6x@abc.net.au,(510)477-7211,48 Moland Park,Oakland,CA,94660
350,Jimmy,Johnston,jjohnston6y@lycos.com,(847)498-1986,2 Gale Point,Chicago,IL,60630
351,Mark,Adams,madams6z@eepurl.com,(330)390-7984,290 Elka Drive,Warren,OH,44485
352,Debra,Rice,drice70@jugem.jp,(941)187-2482,02 Thackeray Point,North Port,FL,34290
353,Helen,Stephens,hstephens71@ucoz.com,(202)918-1205,6 Division Plaza,Washington,DC,20436
354,Kathy,Harris,kharris72@privacy.gov.au,(401)772-3797,55 Rockefeller Center,Providence,RI,2912
355,Thomas,Carter,tcarter73@imdb.com,(915)404-8800,29055 Rieder Terrace,El Paso,TX,79994
356,Frances,Fields,ffields74@edublogs.org,(410)601-3685,6 Gerald Trail,Baltimore,MD,21265
357,Jacqueline,Hawkins,jhawkins75@eventbrite.com,(602)640-6417,34 Manitowish Point,Phoenix,AZ,85010
358,Janet,Morgan,jmorgan76@icq.com,(952)733-0296,5977 Moland Street,Minneapolis,MN,55441
359,Ruth,Garcia,rgarcia77@fc2.com,(215)987-0528,77 Ohio Park,Philadelphia,PA,19191
360,Carlos,Hicks,chicks78@upenn.edu,(330)596-3441,8 Duke Lane,Akron,OH,44321
361,Juan,Wagner,jwagner79@ihg.com,(816)794-0480,9380 Coleman Pass,Kansas City,MO,64179
362,Linda,Fields,lfields7a@cornell.edu,(804)662-9990,61846 Monterey Drive,Richmond,VA,23228
363,Lori,Wood,lwood7b@java.com,(615)919-7431,11 Paget Place,Nashville,TN,37228
364,Stephen,Jacobs,sjacobs7c@dedecms.com,(803)274-2391,590 Ohio Alley,Aiken,SC,29805
365,Randy,Williams,rwilliams7d@scientificamerican.com,(626)373-9914,80871 Park Meadow Pass,Whittier,CA,90605
366,Brandon,Black,bblack7e@com.com,(816)541-5044,73 Fordem Parkway,Kansas City,MO,64149
367,Jonathan,Price,jprice7f@sohu.com,(225)386-6082,9 Bunting Point,Baton Rouge,LA,70826
368,Brandon,Rose,brose7g@dailymotion.com,(520)692-8406,1613 Hallows Court,Tucson,AZ,85732
369,Daniel,Franklin,dfranklin7h@mapy.cz,(404)861-0120,990 Swallow Point,Lawrenceville,GA,30045
370,Marie,Romero,mromero7i@fotki.com,(917)433-5318,780 Hazelcrest Plaza,Bronx,NY,10459
371,Melissa,Wheeler,mwheeler7j@jimdo.com,(516)641-4662,2918 Forest Avenue,Jamaica,NY,11407
372,Fred,Morris,fmorris7k@yandex.ru,(202)992-8383,398 Buhler Terrace,Silver Spring,MD,20904
373,Michael,Burke,mburke7l@spiegel.de,(765)699-6462,27 Cambridge Point,Indianapolis,IN,46202
374,Sara,Phillips,sphillips7m@bloglovin.com,(804)171-1256,04948 Main Junction,Richmond,VA,23208
375,Angela,Hernandez,ahernandez7n@furl.net,(860)450-9884,0 Saint Paul Street,Hartford,CT,6145
376,Patricia,Carroll,pcarroll7o@jiathis.com,(661)496-7816,6868 Fuller Crossing,Lancaster,CA,93584
377,Emily,Ryan,eryan7p@dmoz.org,(754)154-3364,7336 Dwight Court,Fort Lauderdale,FL,33336
378,Joan,Stone,jstone7q@furl.net,(202)785-1176,524 Troy Plaza,Silver Spring,MD,20910
379,Joshua,Rivera,jrivera7r@sakura.ne.jp,(202)351-0177,8 Nelson Pass,Washington,DC,20046
380,Amanda,Bowman,abowman7s@barnesandnoble.com,(816)919-3527,86212 Vidon Terrace,Kansas City,MO,64160
381,Stephen,Gray,sgray7t@kickstarter.com,(919)992-0939,1067 4th Parkway,Raleigh,NC,27621
382,Sean,Rodriguez,srodriguez7u@oakley.com,(813)971-9753,99931 Northfield Street,Tampa,FL,33610
383,Sandra,Patterson,spatterson7v@unc.edu,(850)181-9843,9427 Mayfield Pass,Pensacola,FL,32520
384,Rose,Nichols,rnichols7w@princeton.edu,(516)516-9453,495 Summer Ridge Street,Jamaica,NY,11407
385,Stephanie,Wallace,swallace7x@ow.ly,(305)712-5316,97908 Brentwood Alley,Miami,FL,33185
386,Anthony,Carter,acarter7y@newyorker.com,(480)342-8896,4 Nevada Point,Apache Junction,AZ,85219
387,Timothy,Powell,tpowell7z@ocn.ne.jp,(239)709-4562,59 Stuart Court,Lehigh Acres,FL,33972
388,Albert,Baker,abaker80@dagondesign.com,(202)605-5298,81 Lakewood Street,Washington,DC,20380
389,Jerry,Bailey,jbailey81@usgs.gov,(507)746-0956,604 Bluestem Point,Rochester,MN,55905
390,Heather,Murphy,hmurphy82@wiley.com,(847)103-7136,87 Arkansas Drive,Chicago,IL,60646
391,Patricia,Perez,pperez83@hp.com,(814)169-5409,3 Bluestem Road,Erie,PA,16510
392,Brian,Sullivan,bsullivan84@multiply.com,(202)804-6133,70 Rockefeller Plaza,Washington,DC,20260
393,Aaron,Taylor,ataylor85@pbs.org,(210)195-9947,24855 Jenifer Way,San Antonio,TX,78210
394,Frances,Jones,fjones86@wired.com,(361)941-0866,25728 Esker Court,Corpus Christi,TX,78426
395,Diana,Hicks,dhicks87@bloglovin.com,(513)289-6421,0 Arrowood Avenue,Cincinnati,OH,45228
396,Thomas,Griffin,tgriffin88@smugmug.com,(801)631-7393,973 Eastwood Court,Salt Lake City,UT,84115
397,Jonathan,Turner,jturner89@fc2.com,(310)968-4752,8 Di Loreto Junction,Inglewood,CA,90398
398,Jeremy,Robinson,jrobinson8a@gnu.org,(616)146-1693,43948 Pearson Drive,Grand Rapids,MI,49544
399,David,Robertson,drobertson8b@istockphoto.com,(404)982-4393,808 Fair Oaks Place,Atlanta,GA,30336
400,Joseph,Hernandez,jhernandez8c@csmonitor.com,(518)629-2427,9742 Shelley Terrace,Albany,NY,12262
401,Robin,Duncan,rduncan8d@about.me,(601)773-9702,3 Forest Alley,Jackson,MS,39236
402,Jonathan,West,jwest8e@com.com,(225)728-5202,2 Spenser Street,Baton Rouge,LA,70810
403,Carolyn,Welch,cwelch8f@admin.ch,(206)968-7596,4 Moose Place,Seattle,WA,98127
404,Laura,Henry,lhenry8g@dell.com,(718)549-9594,28 Almo Park,Staten Island,NY,10305
405,Dennis,Chapman,dchapman8h@arstechnica.com,(816)107-7514,128 Golden Leaf Parkway,Kansas City,MO,64109
406,Lisa,Cunningham,lcunningham8i@jiathis.com,(216)934-5320,5871 Shoshone Terrace,Cleveland,OH,44197
407,Kimberly,Cole,kcole8j@usda.gov,(305)883-6358,0 Sauthoff Alley,Miami,FL,33283
408,Douglas,Gutierrez,dgutierrez8k@uiuc.edu,(901)577-9316,97531 Little Fleur Pass,Memphis,TN,38136
409,Laura,Daniels,ldaniels8l@huffingtonpost.com,(713)826-4245,30 Quincy Lane,Arlington,TX,76016
410,Patricia,Palmer,ppalmer8m@umn.edu,(785)428-8929,000 Burning Wood Trail,Topeka,KS,66667
411,Steven,Gonzalez,sgonzalez8n@diigo.com,(609)748-9885,5 Melrose Circle,Trenton,NJ,8619
412,Susan,Peterson,speterson8o@rambler.ru,(208)978-7534,98 Ridgeway Street,Boise,ID,83727
413,Angela,Crawford,acrawford8p@com.com,(305)341-2557,10245 Bay Circle,Miami,FL,33196
414,Sean,Carpenter,scarpenter8q@theguardian.com,(818)140-3235,65 Sommers Park,Glendale,CA,91205
415,Bruce,Morrison,bmorrison8r@discovery.com,(414)780-5303,596 Sunnyside Center,Milwaukee,WI,53234
416,Martin,Stone,mstone8s@nhs.uk,(210)956-2029,2 Logan Place,San Antonio,TX,78220
417,Roger,Nichols,rnichols8t@jigsy.com,(217)758-7405,65 Bluejay Plaza,Springfield,IL,62718
418,Gerald,Parker,gparker8u@bravesites.com,(865)227-4007,81 North Parkway,Knoxville,TN,37914
419,Rebecca,Garza,rgarza8v@toplist.cz,(202)118-9652,67 Oakridge Avenue,Washington,DC,20551
420,Henry,Edwards,hedwards8w@skype.com,(513)820-6199,6 Westridge Hill,Cincinnati,OH,45296
421,Stephen,Jones,sjones8x@shop-pro.jp,(202)181-6945,55 Sachs Center,Washington,DC,56944
422,Ernest,Hanson,ehanson8y@thetimes.co.uk,(516)756-1345,42105 Artisan Trail,Great Neck,NY,11024
423,Keith,Nelson,knelson8z@wisc.edu,(202)724-6750,266 Fordem Avenue,Washington,DC,20205
424,Anthony,Spencer,aspencer90@51.la,(214)254-6868,45387 East Lane,Dallas,TX,75251
425,Randy,Richardson,rrichardson91@businessinsider.com,(202)898-2792,59 Old Gate Avenue,Washington,DC,20520
426,Gregory,Wagner,gwagner92@yellowpages.com,(302)507-5744,15090 Lake View Plaza,Wilmington,DE,19810
427,Bobby,Pierce,bpierce93@disqus.com,(615)858-9602,762 Nancy Lane,Nashville,TN,37205
428,Steven,Kim,skim94@walmart.com,(573)555-4056,447 Northwestern Pass,Columbia,MO,65218
429,Andrew,Harris,aharris95@devhub.com,(414)973-9229,186 Kings Plaza,Milwaukee,WI,53285
430,Gregory,Freeman,gfreeman96@github.io,(205)616-0582,7269 Granby Way,Birmingham,AL,35285
431,Daniel,Cooper,dcooper97@csmonitor.com,(619)485-7418,868 Sauthoff Lane,San Diego,CA,92153
432,Amanda,Ramirez,aramirez98@businessweek.com,(724)519-5401,94572 Fair Oaks Drive,Pittsburgh,PA,15205
433,Jacqueline,Green,jgreen99@squidoo.com,(865)613-4386,1050 Monument Plaza,Knoxville,TN,37914
434,Virginia,Hall,vhall9a@mediafire.com,(714)785-5364,6626 Bay Road,Irvine,CA,92710
435,Judith,Chavez,jchavez9b@adobe.com,(619)586-9390,9 Dayton Place,San Diego,CA,92121
436,Joseph,Walker,jwalker9c@nature.com,(209)601-2243,2 Welch Street,Stockton,CA,95205
437,Gerald,Mills,gmills9d@businessinsider.com,(937)460-2481,840 Golf View Road,Dayton,OH,45414
438,Lawrence,James,ljames9e@skype.com,(336)789-6594,1685 Cottonwood Junction,Winston Salem,NC,27150
439,Jeffrey,Stephens,jstephens9f@tumblr.com,(530)986-7515,0 Katie Center,South Lake Tahoe,CA,96154
440,Kathy,Clark,kclark9g@goodreads.com,(804)307-8698,23 Stoughton Plaza,Richmond,VA,23213
441,Robin,Thompson,rthompson9h@engadget.com,(404)991-0545,999 Mesta Avenue,Atlanta,GA,31136
442,Joan,Burns,jburns9i@bbb.org,(801)956-4231,59301 Warrior Plaza,Provo,UT,84605
443,Judy,Hamilton,jhamilton9j@liveinternet.ru,(321)165-6295,05162 Mallory Circle,Orlando,FL,32835
444,Ruth,Holmes,rholmes9k@un.org,(682)692-3345,1 Ludington Parkway,Fort Worth,TX,76162
445,Laura,Fuller,lfuller9l@360.cn,(808)364-8905,8 Chive Hill,Honolulu,HI,96845
446,Henry,Jacobs,hjacobs9m@spotify.com,(989)402-9133,86 Bultman Circle,Saginaw,MI,48604
447,Theresa,Ross,tross9n@list-manage.com,(850)543-7557,7 Continental Avenue,Pensacola,FL,32520
448,James,Lawrence,jlawrence9o@gov.uk,(321)374-6492,4465 Bluestem Street,Orlando,FL,32803
449,Jonathan,Gutierrez,jgutierrez9p@bbc.co.uk,(901)660-5327,6331 Gina Plaza,Memphis,TN,38197
450,Janice,Lopez,jlopez9q@hao123.com,(202)720-2383,2886 Delaware Avenue,Washington,DC,20599
451,Joe,Perkins,jperkins9r@foxnews.com,(605)511-1142,8 Pleasure Center,Sioux Falls,SD,57198
452,Elizabeth,Harper,eharper9s@liveinternet.ru,(661)615-8413,84583 Jana Plaza,Bakersfield,CA,93305
453,Raymond,Payne,rpayne9t@alexa.com,(203)523-2847,7588 Crest Line Court,Stamford,CT,6912
454,Anna,Porter,aporter9u@nymag.com,(843)600-7378,91 Commercial Park,Beaufort,SC,29905
455,Ernest,Long,elong9v@t.co,(720)382-1349,2288 Onsgard Crossing,Denver,CO,80235
456,Gerald,Watkins,gwatkins9w@nature.com,(918)417-6466,524 Randy Point,Tulsa,OK,74170
457,Mary,Jacobs,mjacobs9x@artisteer.com,(240)789-6717,6 Bashford Park,Silver Spring,MD,20918
458,Susan,Bailey,sbailey9y@themeforest.net,(651)927-3301,3 Columbus Hill,Saint Paul,MN,55127
459,Kimberly,Garrett,kgarrett9z@pen.io,(202)500-1660,889 2nd Hill,Washington,DC,20036
460,Daniel,Riley,drileya0@zimbio.com,(210)454-9680,38873 Golf Course Avenue,San Antonio,TX,78278
461,Albert,Cunningham,acunninghama1@quantcast.com,(603)279-6211,567 Hudson Trail,Manchester,NH,3105
462,Gloria,Lopez,glopeza2@sakura.ne.jp,(208)824-4283,68915 Dorton Junction,Idaho Falls,ID,83405
463,Sharon,Morrison,smorrisona3@unc.edu,(646)415-3322,4 Barnett Trail,New York City,NY,10155
464,Arthur,Andrews,aandrewsa4@360.cn,(417)821-4627,15 Londonderry Road,Springfield,MO,65898
465,Jennifer,Payne,jpaynea5@lycos.com,(816)523-5509,95 Sachtjen Way,Shawnee Mission,KS,66205
466,Matthew,Turner,mturnera6@newyorker.com,(914)717-9386,22097 Dahle Road,Yonkers,NY,10705
467,Elizabeth,Little,elittlea7@eepurl.com,(540)540-6292,7867 Arapahoe Plaza,Roanoke,VA,24004
468,Billy,Roberts,brobertsa8@dropbox.com,(336)465-3765,1 Gateway Road,High Point,NC,27264
469,Emily,Mitchell,emitchella9@cbsnews.com,(608)447-5137,11721 Becker Park,Madison,WI,53785
470,Maria,Moore,mmooreaa@census.gov,(909)589-5273,12992 Westport Hill,San Bernardino,CA,92405
471,Phyllis,Elliott,pelliottab@google.com,(347)781-9849,0 Briar Crest Plaza,Flushing,NY,11388
472,Theresa,Moreno,tmorenoac@privacy.gov.au,(347)422-3947,87 Arizona Lane,New York City,NY,10280
473,Ruth,Mitchell,rmitchellad@goo.ne.jp,(858)321-7848,71 Macpherson Hill,Santa Clara,CA,95054
474,Virginia,Robertson,vrobertsonae@newyorker.com,(559)550-3580,4 Bayside Court,Fresno,CA,93794
475,Marie,Fox,mfoxaf@washington.edu,(484)673-3879,79 Pond Road,Valley Forge,PA,19495
476,Gerald,Harris,gharrisag@apache.org,(315)893-5102,62 Ruskin Plaza,Syracuse,NY,13251
477,Edward,Howell,ehowellah@sun.com,(585)503-8345,06707 Warbler Center,Rochester,NY,14619
478,Barbara,Black,bblackai@wired.com,(918)786-8611,3180 Chinook Avenue,Tulsa,OK,74184
479,Aaron,Perry,aperryaj@altervista.org,(714)497-0043,40793 Oak Place,Fullerton,CA,92835
480,Alan,Cooper,acooperak@github.io,(815)806-1855,7 Heath Center,Rockford,IL,61105
481,Frances,Hamilton,fhamiltonal@infoseek.co.jp,(213)641-2115,19308 Rowland Alley,Los Angeles,CA,90087
482,Andrew,Ramos,aramosam@plala.or.jp,(214)532-8224,4 Myrtle Alley,Dallas,TX,75310
483,Sara,Henry,shenryan@webs.com,(713)137-4184,48572 Canary Avenue,Houston,TX,77240
484,Kathryn,Armstrong,karmstrongao@diigo.com,(904)351-9615,78 Boyd Pass,Jacksonville,FL,32244
485,Rebecca,Rose,rroseap@4shared.com,(919)408-6031,6 Warner Place,Raleigh,NC,27605
486,Billy,Martinez,bmartinezaq@vk.com,(210)548-4930,8 Spohn Terrace,San Antonio,TX,78230
487,Jeffrey,Robertson,jrobertsonar@flickr.com,(915)896-1356,6054 Goodland Court,El Paso,TX,79945
488,Sandra,Wells,swellsas@google.es,(419)864-5479,86 Delladonna Pass,Lima,OH,45807
489,Willie,Lewis,wlewisat@slate.com,(217)975-8849,58 Hintze Junction,Springfield,IL,62723
490,Jerry,Shaw,jshawau@alexa.com,(203)194-1501,11391 Ramsey Avenue,New Haven,CT,6505
491,Terry,Romero,tromeroav@macromedia.com,(832)147-8898,1 Lakewood Gardens Way,Houston,TX,77201
492,Jeremy,Day,jdayaw@gizmodo.com,(814)512-6644,41 Golden Leaf Terrace,Erie,PA,16522
493,Fred,Oliver,foliverax@jalbum.net,(786)698-2407,30 Moland Terrace,Miami,FL,33142
494,Brenda,Jenkins,bjenkinsay@vimeo.com,(205)605-4152,7067 Westport Way,Birmingham,AL,35215
495,Joe,Dixon,jdixonaz@yahoo.co.jp,(804)216-5033,00 Washington Center,Richmond,VA,23203
496,Debra,Adams,dadamsb0@marriott.com,(309)762-1940,55 Mesta Lane,Peoria,IL,61651
497,Ernest,Carpenter,ecarpenterb1@earthlink.net,(479)531-2306,86 Sunfield Avenue,Fort Smith,AR,72916
498,Ronald,Ryan,rryanb2@tripod.com,(301)407-6097,78208 Roxbury Trail,Baltimore,MD,21203
499,Peter,Dunn,pdunnb3@phpbb.com,(916)355-7304,4 International Terrace,Sacramento,CA,94291
500,Julia,Olson,jolsonb4@imageshack.us,(702)220-7009,71 Spohn Drive,Las Vegas,NV,89193
501,Frances,Jones,fjonesb5@ebay.com,(502)999-9280,06 Hoard Road,Louisville,KY,40205
502,Irene,Meyer,imeyerb6@ihg.com,(443)248-7416,65 Crownhardt Avenue,Baltimore,MD,21229
503,Carl,Armstrong,carmstrongb7@mlb.com,(610)567-0842,6 Springs Center,Philadelphia,PA,19151
504,Michelle,Dean,mdeanb8@accuweather.com,(330)762-5039,1993 Basil Alley,Youngstown,OH,44511
505,Anne,James,ajamesb9@moonfruit.com,(434)648-0657,2380 Butterfield Place,Lynchburg,VA,24515
506,Donna,Austin,daustinba@latimes.com,(540)764-1677,99 Fairfield Avenue,Roanoke,VA,24009
507,Janet,Crawford,jcrawfordbb@desdev.cn,(202)609-4419,3264 Straubel Hill,Washington,DC,20470
508,Randy,Gonzales,rgonzalesbc@imageshack.us,(650)617-6564,680 Tennessee Parkway,San Jose,CA,95113
509,Bonnie,Grant,bgrantbd@dmoz.org,(415)734-3387,13 Haas Center,San Francisco,CA,94110
510,Jason,Morris,jmorrisbe@google.com.hk,(954)149-4128,948 Division Street,Hollywood,FL,33028
511,Kenneth,Matthews,kmatthewsbf@businessinsider.com,(734)605-8550,13923 Drewry Pass,Dearborn,MI,48126
512,Norma,Sanders,nsandersbg@guardian.co.uk,(234)961-6542,522 Ruskin Plaza,Canton,OH,44760
513,Debra,Johnston,djohnstonbh@nature.com,(806)126-9188,834 Dahle Pass,Amarillo,TX,79188
514,Ruby,Smith,rsmithbi@nifty.com,(517)273-3058,2290 Doe Crossing Center,Lansing,MI,48956
515,Emily,Lane,elanebj@psu.edu,(860)743-1903,0 Alpine Plaza,West Hartford,CT,6127
516,Judith,Rice,jricebk@springer.com,(304)800-7671,6349 Carioca Junction,Charleston,WV,25389
517,Donald,Bryant,dbryantbl@live.com,(304)861-5442,2 Ronald Regan Junction,Charleston,WV,25389
518,Beverly,Ross,brossbm@tumblr.com,(202)100-8287,0 Merrick Crossing,Washington,DC,20430
519,Adam,Warren,awarrenbn@seattletimes.com,(816)751-4811,96 Judy Terrace,Kansas City,MO,64153
520,Diana,Stewart,dstewartbo@auda.org.au,(804)924-8362,93 Butternut Way,Richmond,VA,23260
521,Timothy,Kelley,tkelleybp@discovery.com,(406)455-7552,11 Pleasure Park,Bozeman,MT,59771
522,Joan,Cruz,jcruzbq@parallels.com,(605)581-4469,851 Declaration Crossing,Sioux Falls,SD,57110
523,Bonnie,Smith,bsmithbr@sina.com.cn,(406)848-0856,3 Lakewood Terrace,Billings,MT,59105
524,Susan,Rose,srosebs@netscape.com,(419)939-2052,880 Emmet Plaza,Toledo,OH,43699
525,William,Murray,wmurraybt@pen.io,(801)175-2713,59 Westridge Way,Salt Lake City,UT,84199
526,Jeffrey,Fields,jfieldsbu@patch.com,(209)277-8099,18 Sullivan Way,Stockton,CA,95205
527,Keith,Powell,kpowellbv@google.com.hk,(407)962-8461,0299 Bartillon Crossing,Winter Haven,FL,33884
528,Adam,Wood,awoodbw@so-net.ne.jp,(225)718-5504,6 Brentwood Parkway,Baton Rouge,LA,70894
529,Charles,Shaw,cshawbx@php.net,(915)348-4601,44810 Carpenter Drive,El Paso,TX,79994
530,Joseph,Henderson,jhendersonby@godaddy.com,(862)405-9013,255 Moulton Avenue,Paterson,NJ,7544
531,Christopher,Perez,cperezbz@taobao.com,(956)166-6480,61 Little Fleur Junction,Laredo,TX,78044
532,Eric,Reed,ereedc0@marketwatch.com,(720)701-9224,760 Sommers Center,Boulder,CO,80305
533,Ann,Gordon,agordonc1@ehow.com,(214)640-5555,593 Schiller Junction,Dallas,TX,75358
534,Martha,Bell,mbellc2@jalbum.net,(505)985-7610,7751 Kenwood Junction,Santa Fe,NM,87505
535,Bruce,Simmons,bsimmonsc3@google.com.br,(540)250-7114,899 Gateway Parkway,Roanoke,VA,24004
536,Terry,Flores,tfloresc4@eventbrite.com,(309)302-7907,599 Coleman Terrace,Peoria,IL,61640
537,Philip,Olson,polsonc5@clickbank.net,(515)709-3451,9807 Moland Pass,Des Moines,IA,50305
538,Terry,Hansen,thansenc6@yolasite.com,(303)194-8712,947 Briar Crest Drive,Denver,CO,80255
539,Denise,Simpson,dsimpsonc7@sina.com.cn,(508)177-0967,33783 Lien Plaza,Worcester,MA,1605
540,Tammy,Kennedy,tkennedyc8@buzzfeed.com,(253)574-7585,1944 Surrey Parkway,Tacoma,WA,98464
541,Russell,Parker,rparkerc9@instagram.com,(773)577-5762,536 Becker Park,Chicago,IL,60619
542,Melissa,Greene,mgreeneca@artisteer.com,(561)285-8258,89 Tomscot Plaza,West Palm Beach,FL,33421
543,Roger,Ross,rrosscb@scientificamerican.com,(585)384-1593,208 Weeping Birch Terrace,Rochester,NY,14639
544,Patrick,Snyder,psnydercc@tiny.cc,(904)947-9183,8135 Haas Street,Jacksonville,FL,32215
545,Rose,Martin,rmartincd@blogger.com,(860)996-6365,4 Kingsford Terrace,Hartford,CT,6183
546,Todd,Evans,tevansce@canalblog.com,(205)630-9499,73888 Kensington Street,Birmingham,AL,35285
547,Sharon,Martin,smartincf@dell.com,(512)759-7202,8450 Scoville Park,Austin,TX,78703
548,Jerry,Vasquez,jvasquezcg@lycos.com,(203)203-5497,6 Buena Vista Terrace,Fairfield,CT,6825
549,Phyllis,Ray,praych@vinaora.com,(501)824-6123,8790 Dwight Drive,Little Rock,AR,72204
550,Patrick,Ross,prossci@usa.gov,(518)368-4965,00591 Talisman Road,Albany,NY,12232
551,Benjamin,Henry,bhenrycj@google.ca,(510)448-6416,0281 Sheridan Way,Berkeley,CA,94712
552,Paul,Carpenter,pcarpenterck@nps.gov,(314)140-2700,278 Mockingbird Center,Saint Louis,MO,63104
553,Ronald,Gardner,rgardnercl@cam.ac.uk,(480)923-4726,8 Graceland Avenue,Scottsdale,AZ,85271
554,Terry,Boyd,tboydcm@ucsd.edu,(260)551-6698,58966 Merchant Street,Fort Wayne,IN,46825
555,Sandra,Willis,swilliscn@shareasale.com,(602)137-5000,1002 Pennsylvania Junction,Phoenix,AZ,85053
556,Bruce,Gonzales,bgonzalesco@indiatimes.com,(713)874-9892,9070 Magdeline Terrace,Houston,TX,77206
557,Cynthia,Greene,cgreenecp@wired.com,(815)507-1888,211 Everett Hill,Joliet,IL,60435
558,Kimberly,Carpenter,kcarpentercq@boston.com,(512)786-9364,15805 Orin Avenue,Austin,TX,78710
559,Brandon,Murray,bmurraycr@blinklist.com,(601)801-2195,68451 Dunning Pass,Jackson,MS,39210
560,Barbara,Castillo,bcastillocs@google.co.uk,(213)453-2569,83579 Moulton Point,Los Angeles,CA,90101
561,Kelly,Campbell,kcampbellct@google.com.br,(213)990-4050,7 Dottie Trail,Los Angeles,CA,90055
562,Emily,Parker,eparkercu@netlog.com,(775)482-0040,2768 Gerald Point,Reno,NV,89550
563,Wanda,Hart,whartcv@latimes.com,(520)140-5224,119 Twin Pines Circle,Tucson,AZ,85748
564,Catherine,Richards,crichardscw@sun.com,(904)561-7770,7418 Kropf Parkway,Jacksonville,FL,32259
565,Gregory,Perez,gperezcx@e-recht24.de,(919)484-9651,7350 Eliot Court,Raleigh,NC,27615
566,Tina,Wagner,twagnercy@dropbox.com,(520)390-9334,9 Artisan Parkway,Tucson,AZ,85725
567,Amanda,Brown,abrowncz@fc2.com,(304)955-9533,258 Darwin Park,Morgantown,WV,26505
568,Sarah,Gray,sgrayd0@clickbank.net,(816)818-1111,6 Clarendon Crossing,Kansas City,MO,64153
569,Robert,Carr,rcarrd1@flavors.me,(510)889-6250,9088 Melrose Pass,Richmond,CA,94807
570,Patrick,Weaver,pweaverd2@hud.gov,(646)895-9070,44411 Warbler Crossing,New York City,NY,10175
571,Patricia,Lopez,plopezd3@ebay.co.uk,(936)725-7703,1 Meadow Valley Point,Houston,TX,77090
572,Theresa,Jacobs,tjacobsd4@bigcartel.com,(339)252-0050,11 Eagle Crest Park,Woburn,MA,1813
573,Deborah,Sanchez,dsanchezd5@flickr.com,(214)164-2692,78 Stuart Point,Dallas,TX,75372
574,Stephanie,Reid,sreidd6@dailymotion.com,(713)155-1409,08 Mayfield Park,Houston,TX,77234
575,Douglas,Smith,dsmithd7@geocities.jp,(419)138-5668,1620 Colorado Junction,Toledo,OH,43605
576,Ralph,Burke,rburked8@bloomberg.com,(260)219-8499,77949 Reinke Plaza,Fort Wayne,IN,46852
577,Irene,Mills,imillsd9@domainmarket.com,(202)810-3501,3 Heffernan Center,Washington,DC,20310
578,Kevin,Burns,kburnsda@weather.com,(316)674-4376,427 Amoth Alley,Wichita,KS,67236
579,Carol,Moreno,cmorenodb@tripadvisor.com,(402)429-0005,89 Emmet Terrace,Lincoln,NE,68583
580,Thomas,Fisher,tfisherdc@creativecommons.org,(724)383-1510,66 Sutherland Drive,New Castle,PA,16107
581,Frank,Harper,fharperdd@artisteer.com,(916)164-4534,9453 Jana Court,Sacramento,CA,94286
582,Thomas,Watkins,twatkinsde@wsj.com,(405)636-2338,04 Scofield Drive,Oklahoma City,OK,73135
583,Lois,Bailey,lbaileydf@amazon.de,(540)465-2290,969 Katie Center,Roanoke,VA,24029
584,Samuel,Dean,sdeandg@naver.com,(504)859-6848,2135 Linden Road,New Orleans,LA,70142
585,Louise,Sanders,lsandersdh@blogspot.com,(510)730-7157,94 Lakewood Lane,Richmond,CA,94807
586,Harold,Hamilton,hhamiltondi@exblog.jp,(704)935-8575,4 Nancy Place,Charlotte,NC,28215
587,Rebecca,James,rjamesdj@nationalgeographic.com,(864)431-5923,46 Mallory Pass,Greenville,SC,29605
588,Lawrence,Campbell,lcampbelldk@photobucket.com,(323)821-5572,8 Northview Trail,Los Angeles,CA,90065
589,Joan,Carroll,jcarrolldl@princeton.edu,(816)641-2460,79456 Sutherland Crossing,Kansas City,MO,64144
590,Heather,Green,hgreendm@google.fr,(781)145-6845,86491 Ohio Pass,Waltham,MA,2453
591,Cheryl,Thomas,cthomasdn@flickr.com,(706)554-3024,81309 Northridge Road,Columbus,GA,31914
592,Tammy,Medina,tmedinado@prweb.com,(305)293-8233,1839 Tennessee Alley,Miami,FL,33283
593,Cheryl,Meyer,cmeyerdp@google.co.uk,(234)470-5514,105 School Circle,Canton,OH,44720
594,Patrick,Nichols,pnicholsdq@techcrunch.com,(914)595-5517,087 Nobel Park,White Plains,NY,10606
595,Lillian,Brown,lbrowndr@altervista.org,(713)987-4016,65 Chive Crossing,Houston,TX,77299
596,Wayne,Holmes,wholmesds@twitter.com,(702)423-8349,52 Emmet Point,Las Vegas,NV,89193
597,Roger,Martinez,rmartinezdt@arizona.edu,(757)671-6822,7 Aberg Lane,Herndon,VA,22070
598,Shawn,Shaw,sshawdu@cam.ac.uk,(408)867-9785,3 School Center,San Jose,CA,95155
599,Willie,Hayes,whayesdv@uiuc.edu,(304)104-9558,623 Oxford Road,Morgantown,WV,26505
600,Phyllis,Thomas,pthomasdw@storify.com,(919)965-4986,565 Bowman Avenue,Raleigh,NC,27658
601,Lori,Harris,lharrisdx@ed.gov,(513)658-7232,51 Hayes Point,Cincinnati,OH,45296
602,Maria,Knight,mknightdy@elegantthemes.com,(518)601-6179,2842 Duke Park,Schenectady,NY,12305
603,Sara,Greene,sgreenedz@upenn.edu,(256)576-0303,2555 Lukken Junction,Huntsville,AL,35805
604,Christine,Garza,cgarzae0@harvard.edu,(857)340-7077,03113 Stoughton Crossing,Boston,MA,2114
605,Victor,Bishop,vbishope1@cloudflare.com,(865)168-9847,60605 Arizona Parkway,Knoxville,TN,37939
606,Heather,Gardner,hgardnere2@nydailynews.com,(217)356-9483,664 Nancy Avenue,Springfield,IL,62794
607,Richard,Fox,rfoxe3@soup.io,(217)756-8116,2615 American Center,Champaign,IL,61825
608,Ann,Howell,ahowelle4@eepurl.com,(816)186-5810,707 Express Hill,Kansas City,MO,64190
609,Fred,Murray,fmurraye5@imageshack.us,(414)726-3059,17 Wayridge Drive,Milwaukee,WI,53225
610,Martin,Reid,mreide6@google.it,(773)826-7312,86 Eagan Court,Chicago,IL,60619
611,Eugene,Powell,epowelle7@cloudflare.com,(615)749-9599,91 Southridge Drive,Memphis,TN,38119
612,Gerald,Bailey,gbaileye8@un.org,(209)696-6975,2 Farragut Court,Stockton,CA,95210
613,Steve,Snyder,ssnydere9@nba.com,(719)581-1405,5 Evergreen Plaza,Colorado Springs,CO,80905
614,Patricia,Hanson,phansonea@wired.com,(251)180-5140,22 Shelley Terrace,Mobile,AL,36605
615,Peter,Hansen,phanseneb@latimes.com,(202)950-5681,7 Mayfield Junction,Washington,DC,20404
616,Barbara,Hansen,bhansenec@google.com.hk,(817)456-5787,1 Clyde Gallagher Circle,Fort Worth,TX,76129
617,Andrew,Jacobs,ajacobsed@sina.com.cn,(310)218-4850,17405 Dexter Trail,Inglewood,CA,90310
618,Kimberly,Medina,kmedinaee@ucsd.edu,(208)841-8902,9236 Randy Place,Boise,ID,83732
619,Jerry,Cruz,jcruzef@nytimes.com,(952)179-8266,31163 Cody Alley,Young America,MN,55557
620,Joan,Taylor,jtayloreg@sina.com.cn,(850)365-1386,34 Bowman Avenue,Tallahassee,FL,32309
621,Betty,Johnston,bjohnstoneh@istockphoto.com,(434)891-9736,565 Butterfield Center,Manassas,VA,22111
622,Louise,Burns,lburnsei@google.com.br,(347)403-4522,4707 Fallview Point,New York City,NY,10280
623,Anna,Martinez,amartinezej@about.me,(213)627-9002,552 Myrtle Court,Los Angeles,CA,90189
624,Johnny,Lee,jleeek@mit.edu,(812)950-4214,97 Grayhawk Park,Evansville,IN,47725
625,Wanda,Carroll,wcarrollel@blogtalkradio.com,(916)315-8275,48871 Main Terrace,Sacramento,CA,94230
626,Dorothy,Sanders,dsandersem@about.com,(303)426-2329,9165 Morrow Crossing,Denver,CO,80270
627,Julie,Romero,jromeroen@topsy.com,(202)561-9129,5 Duke Pass,Washington,DC,20231
628,Patrick,Cole,pcoleeo@blogtalkradio.com,(209)355-6664,25840 Northwestern Terrace,Modesto,CA,95397
629,Rebecca,West,rwestep@cnet.com,(440)135-5809,87 Gulseth Circle,Cleveland,OH,44125
630,Jessica,Perez,jperezeq@apple.com,(585)352-7177,3731 Rieder Lane,Rochester,NY,14646
631,Harry,Reed,hreeder@tamu.edu,(513)886-5885,6 Elgar Alley,Cincinnati,OH,45238
632,Doris,Dean,ddeanes@typepad.com,(716)604-0353,96 Burning Wood Drive,Buffalo,NY,14269
633,Michelle,Scott,mscottet@nyu.edu,(408)971-5275,2 Clyde Gallagher Road,Sunnyvale,CA,94089
634,Julia,Griffin,jgriffineu@rakuten.co.jp,(304)874-0004,716 Moose Street,Charleston,WV,25356
635,Jesse,Bell,jbellev@jigsy.com,(202)876-7320,33956 Mifflin Hill,Washington,DC,20436
636,Diane,Mills,dmillsew@ihg.com,(937)422-3768,11 Dayton Circle,Dayton,OH,45470
637,Harold,Simpson,hsimpsonex@live.com,(919)573-9537,6 Moose Alley,Raleigh,NC,27610
638,Todd,Rogers,trogersey@live.com,(917)571-0989,86115 Quincy Trail,New York City,NY,10270
639,Denise,Hamilton,dhamiltonez@creativecommons.org,(251)108-6104,5 Vermont Street,Mobile,AL,36616
640,Tina,Banks,tbanksf0@scientificamerican.com,(816)540-5599,09 Longview Drive,Kansas City,MO,64187
641,Evelyn,Hart,ehartf1@myspace.com,(229)910-9064,694 Nancy Trail,Albany,GA,31704
642,Charles,Green,cgreenf2@example.com,(760)538-0867,06 Homewood Circle,San Diego,CA,92121
643,Joyce,Day,jdayf3@wix.com,(912)123-9318,42547 Melvin Pass,Savannah,GA,31422
644,Patrick,Gray,pgrayf4@examiner.com,(561)449-3694,66 Tennessee Crossing,West Palm Beach,FL,33411
645,Willie,Kennedy,wkennedyf5@edublogs.org,(404)921-5928,73345 Arizona Drive,Atlanta,GA,31106
646,Tammy,Peterson,tpetersonf6@networkadvertising.org,(404)409-4764,374 Ilene Junction,Atlanta,GA,31136
647,Kathy,Gordon,kgordonf7@instagram.com,(408)752-6397,6481 Dennis Lane,San Jose,CA,95118
648,Timothy,Rivera,triveraf8@usda.gov,(918)804-5387,7981 Valley Edge Hill,Tulsa,OK,74193
649,Helen,Adams,hadamsf9@dailymail.co.uk,(615)490-0736,28 Coolidge Road,Nashville,TN,37245
650,Cynthia,Greene,cgreenefa@epa.gov,(402)613-1483,796 Grayhawk Circle,Omaha,NE,68110
651,Randy,Gonzales,rgonzalesfb@ed.gov,(510)265-1836,244 Waywood Road,Oakland,CA,94616
652,John,Barnes,jbarnesfc@accuweather.com,(336)101-1687,8677 Grasskamp Center,Winston Salem,NC,27116
653,Frank,Hansen,fhansenfd@dedecms.com,(602)588-6704,90791 Dottie Road,Phoenix,AZ,85053
654,Frances,Holmes,fholmesfe@constantcontact.com,(504)810-1958,29 Farwell Plaza,New Orleans,LA,70179
655,Howard,Bailey,hbaileyff@facebook.com,(817)233-8550,90180 Almo Alley,Fort Worth,TX,76134
656,James,Wood,jwoodfg@yandex.ru,(320)994-5205,794 Sycamore Road,Saint Cloud,MN,56372
657,David,Hicks,dhicksfh@sohu.com,(718)236-8755,03 Swallow Street,Brooklyn,NY,11220
658,Betty,Johnson,bjohnsonfi@ucoz.ru,(559)928-6190,8440 Grover Road,Fresno,CA,93778
659,Pamela,Ward,pwardfj@tamu.edu,(404)338-6336,1 Sugar Drive,Atlanta,GA,30343
660,Virginia,Porter,vporterfk@sogou.com,(651)755-8900,9397 Eggendart Court,Saint Paul,MN,55188
661,Nancy,Walker,nwalkerfl@sphinn.com,(202)930-9428,67238 Marcy Court,Washington,DC,20420
662,Walter,Cooper,wcooperfm@state.tx.us,(559)229-5131,57341 Anniversary Avenue,Fresno,CA,93726
663,Pamela,Thomas,pthomasfn@hubpages.com,(559)996-6930,37 Clarendon Street,Fullerton,CA,92640
664,Frances,Ferguson,ffergusonfo@google.com,(770)864-4592,32399 Tomscot Crossing,Atlanta,GA,30316
665,Jason,Johnson,jjohnsonfp@craigslist.org,(316)392-8779,96373 Village Green Point,Wichita,KS,67205
666,Alan,Stephens,astephensfq@prnewswire.com,(304)416-4598,743 Mockingbird Alley,Huntington,WV,25716
667,Tina,Larson,tlarsonfr@independent.co.uk,(937)160-0581,57 Graedel Way,Dayton,OH,45419
668,Susan,Stevens,sstevensfs@linkedin.com,(202)272-9949,5 Twin Pines Court,Washington,DC,20299
669,Carl,Arnold,carnoldft@independent.co.uk,(903)841-8253,19683 Talisman Circle,Tyler,TX,75799
670,Sandra,Jones,sjonesfu@cornell.edu,(570)947-9113,13075 Marquette Circle,Wilkes Barre,PA,18768
671,Charles,Ross,crossfv@instagram.com,(919)853-5491,87 Shasta Court,Raleigh,NC,27605
672,Sharon,Thompson,sthompsonfw@indiegogo.com,(941)937-9267,06498 Chinook Hill,Naples,FL,34108
673,Ruby,Turner,rturnerfx@usda.gov,(502)839-5524,934 Pierstorff Alley,Migrate,KY,41905
674,Juan,Lynch,jlynchfy@timesonline.co.uk,(336)954-1411,7416 Mitchell Center,Winston Salem,NC,27157
675,Amy,Lawson,alawsonfz@hubpages.com,(832)879-9712,807 Springs Alley,Houston,TX,77201
676,Doris,Olson,dolsong0@topsy.com,(817)856-3451,7 Florence Plaza,Arlington,TX,76004
677,Angela,Jones,ajonesg1@cbslocal.com,(212)701-1810,1869 Algoma Trail,New York City,NY,10039
678,Samuel,Jordan,sjordang2@altervista.org,(434)586-2778,62 Hanover Road,Lynchburg,VA,24515
679,Todd,Carpenter,tcarpenterg3@google.es,(704)772-3519,3 Sommers Place,Charlotte,NC,28210
680,Marie,Bowman,mbowmang4@addthis.com,(860)168-5569,626 Village Center,Hartford,CT,6140
681,Mary,Morris,mmorrisg5@g.co,(937)682-3904,0203 Garrison Trail,Springfield,OH,45505
682,Douglas,Banks,dbanksg6@dell.com,(217)145-5092,552 Steensland Lane,Springfield,IL,62764
683,Lillian,Coleman,lcolemang7@uiuc.edu,(360)507-8837,15469 Marquette Lane,Olympia,WA,98506
684,Keith,Kelley,kkelleyg8@wikimedia.org,(413)894-8088,5825 Roxbury Alley,Springfield,MA,1152
685,Robin,Berry,rberryg9@vistaprint.com,(810)372-5963,55 Dawn Crossing,Flint,MI,48550
686,Beverly,Kennedy,bkennedyga@europa.eu,(516)422-6646,1 Tennessee Trail,New Hyde Park,NY,11044
687,Irene,Phillips,iphillipsgb@wired.com,(304)865-6537,79440 Mariners Cove Terrace,Charleston,WV,25389
688,Jeffrey,Henderson,jhendersongc@google.com.au,(502)177-1864,91784 Macpherson Road,Frankfort,KY,40618
689,Melissa,Gilbert,mgilbertgd@posterous.com,(513)663-8348,209 Independence Drive,Cincinnati,OH,45254
690,Dennis,Duncan,dduncange@cnbc.com,(515)863-3892,6 Dorton Way,Des Moines,IA,50981
691,Katherine,Black,kblackgf@hud.gov,(202)974-1364,95455 Anhalt Pass,Washington,DC,20078
692,Melissa,Cox,mcoxgg@squidoo.com,(207)423-5752,4 Schiller Terrace,Portland,ME,4109
693,Steven,Schmidt,sschmidtgh@seesaa.net,(713)776-6912,3984 Debs Parkway,Houston,TX,77223
694,Rose,Hamilton,rhamiltongi@weebly.com,(239)135-3055,64 La Follette Center,Fort Myers,FL,33994
695,Stephen,Davis,sdavisgj@vinaora.com,(517)534-7824,747 Grasskamp Trail,Lansing,MI,48919
696,Sean,Nelson,snelsongk@twitter.com,(203)546-5870,6950 Butterfield Lane,Waterbury,CT,6726
697,Clarence,Washington,cwashingtongl@abc.net.au,(754)192-1724,07 Riverside Circle,Pompano Beach,FL,33075
698,Robert,Perry,rperrygm@engadget.com,(734)798-3185,9139 Bultman Point,Ann Arbor,MI,48107
699,Doris,Riley,drileygn@alexa.com,(361)745-7797,83 Fuller Pass,Corpus Christi,TX,78465
700,Billy,Andrews,bandrewsgo@economist.com,(210)359-3328,316 Pawling Center,San Antonio,TX,78225
701,Ruby,Black,rblackgp@foxnews.com,(202)414-8311,17825 Toban Plaza,Washington,DC,20067
702,Teresa,Flores,tfloresgq@columbia.edu,(318)988-7907,4 Barnett Junction,Boston,MA,2104
703,Patrick,Fisher,pfishergr@rakuten.co.jp,(404)859-9762,86 Luster Terrace,Atlanta,GA,30316
704,Christopher,Brooks,cbrooksgs@nbcnews.com,(610)485-6596,38 Havey Street,Reading,PA,19610
705,Sean,Carroll,scarrollgt@fema.gov,(352)438-0651,2 1st Park,Ocala,FL,34474
706,Walter,Wood,wwoodgu@about.me,(281)492-3042,3 Pond Trail,Pasadena,TX,77505
707,Tammy,Shaw,tshawgv@imdb.com,(512)215-1263,2 Pierstorff Center,Austin,TX,78703
708,Chris,Martinez,cmartinezgw@histats.com,(319)178-6700,16 Vidon Pass,Iowa City,IA,52245
709,Patrick,Chavez,pchavezgx@ning.com,(515)526-7060,42055 Rutledge Road,Des Moines,IA,50362
710,Julie,Schmidt,jschmidtgy@google.com,(704)125-2521,323 Linden Place,Charlotte,NC,28215
711,Kathryn,Nguyen,knguyengz@yahoo.co.jp,(860)863-6657,36 Karstens Terrace,West Hartford,CT,6127
712,Anthony,Collins,acollinsh0@latimes.com,(662)767-0292,599 Debs Park,Columbus,MS,39705
713,Eugene,Gilbert,egilberth1@go.com,(916)525-1164,9 Pennsylvania Circle,Sacramento,CA,94291
714,Kimberly,Moreno,kmorenoh2@chronoengine.com,(718)740-5278,0893 Butternut Circle,Jamaica,NY,11470
715,Victor,Olson,volsonh3@baidu.com,(414)456-4740,93497 Brown Trail,Milwaukee,WI,53234
716,Frank,Gomez,fgomezh4@wunderground.com,(857)664-8537,14872 Loftsgordon Avenue,Cambridge,MA,2142
717,Catherine,Pierce,cpierceh5@phoca.cz,(202)116-9446,04782 Bay Center,Washington,DC,20226
718,Doris,Anderson,dandersonh6@creativecommons.org,(281)272-2846,52 East Trail,Galveston,TX,77554
719,Jeremy,Gordon,jgordonh7@businesswire.com,(360)928-7253,6 Kensington Pass,Olympia,WA,98506
720,Joan,Berry,jberryh8@amazon.co.jp,(214)141-6608,544 Morning Way,Dallas,TX,75277
721,Margaret,Robinson,mrobinsonh9@senate.gov,(318)845-5129,3624 Valley Edge Avenue,Alexandria,LA,71307
722,Adam,Ellis,aellisha@usnews.com,(682)338-0208,8100 Ridgeway Junction,Fort Worth,TX,76115
723,Frances,Meyer,fmeyerhb@harvard.edu,(415)538-4552,76 Oneill Parkway,San Francisco,CA,94137
724,Russell,Wood,rwoodhc@qq.com,(302)492-2190,20521 Carey Junction,Newark,DE,19725
725,Deborah,Gray,dgrayhd@loc.gov,(520)713-7339,5680 Anderson Parkway,Tucson,AZ,85725
726,Louise,Hamilton,lhamiltonhe@last.fm,(937)571-9594,9 Waywood Circle,Dayton,OH,45432
727,Denise,Sanchez,dsanchezhf@netlog.com,(706)824-3110,3 Miller Avenue,Athens,GA,30610
728,Kathleen,Rogers,krogershg@zdnet.com,(515)822-2977,749 Melrose Trail,Des Moines,IA,50393
729,Rachel,Boyd,rboydhh@thetimes.co.uk,(202)450-4291,3570 Stephen Circle,Washington,DC,20226
730,Jacqueline,Griffin,jgriffinhi@walmart.com,(651)483-7688,518 Blue Bill Park Terrace,Saint Paul,MN,55115
731,Shawn,Wright,swrighthj@miibeian.gov.cn,(334)694-8178,91 Norway Maple Place,Montgomery,AL,36109
732,Harry,Harper,hharperhk@opensource.org,(713)110-3963,82 Waxwing Pass,Houston,TX,77250
733,Phillip,Crawford,pcrawfordhl@buzzfeed.com,(202)386-0610,87 Hagan Drive,Washington,DC,20238
734,Cynthia,Howard,chowardhm@epa.gov,(210)701-8473,5 Glendale Crossing,San Antonio,TX,78260
735,Marilyn,Andrews,mandrewshn@washington.edu,(816)860-2489,4337 Farragut Street,Shawnee Mission,KS,66205
736,Rachel,Rivera,rriveraho@phpbb.com,(419)362-4915,320 Longview Plaza,Toledo,OH,43666
737,Willie,Lee,wleehp@baidu.com,(816)364-4661,18 Doe Crossing Avenue,Independence,MO,64054
738,Lawrence,Hudson,lhudsonhq@yandex.ru,(804)398-5994,6 Dexter Point,Richmond,VA,23208
739,Kenneth,Patterson,kpattersonhr@miibeian.gov.cn,(512)244-7041,328 Bluejay Point,Austin,TX,78754
740,Nancy,Garcia,ngarciahs@i2i.jp,(408)415-3482,6 Sullivan Hill,San Jose,CA,95133
741,Mark,Ward,mwardht@theatlantic.com,(786)689-2922,14885 Mitchell Road,Miami,FL,33129
742,William,Clark,wclarkhu@aboutads.info,(913)582-8545,1330 Spaight Alley,Shawnee Mission,KS,66220
743,Kelly,Martinez,kmartinezhv@umn.edu,(718)377-9332,1 Swallow Park,Brooklyn,NY,11236
744,Betty,Jacobs,bjacobshw@si.edu,(816)628-2977,952 Becker Way,Kansas City,MO,64149
745,Kelly,Williams,kwilliamshx@printfriendly.com,(202)603-2761,4 Lotheville Way,Washington,DC,20231
746,Carol,Reed,creedhy@google.ca,(773)201-3337,6415 Westend Street,Chicago,IL,60646
747,Earl,Taylor,etaylorhz@wisc.edu,(915)797-9070,61925 Bunting Circle,El Paso,TX,88584
748,Mildred,Richardson,mrichardsoni0@cnbc.com,(816)113-5228,28 John Wall Point,Kansas City,MO,64130
749,Edward,Berry,eberryi1@hp.com,(515)209-4236,5330 2nd Hill,Des Moines,IA,50310
750,Robin,Brooks,rbrooksi2@phoca.cz,(540)508-5977,3516 Sunbrook Alley,Richmond,VA,23225
751,Paula,Gibson,pgibsoni3@ow.ly,(903)430-0030,5435 Bartelt Way,Tyler,TX,75710
752,Arthur,Myers,amyersi4@hc360.com,(571)780-6633,31521 Forest Park,Alexandria,VA,22313
753,Denise,Davis,ddavisi5@linkedin.com,(512)109-3941,84 Cardinal Crossing,Austin,TX,78726
754,Alice,Sanders,asandersi6@toplist.cz,(202)605-2723,28979 6th Avenue,Washington,DC,20036
755,Tammy,Vasquez,tvasquezi7@sphinn.com,(256)345-5732,5233 Nova Pass,Anniston,AL,36205
756,Karen,Wright,kwrighti8@vistaprint.com,(813)981-7616,0977 Annamark Hill,Tampa,FL,33673
757,Jimmy,Henderson,jhendersoni9@vinaora.com,(202)512-5462,9355 Sheridan Court,Washington,DC,20210
758,Louis,Martin,lmartinia@is.gd,(310)967-0344,27 Judy Place,Inglewood,CA,90310
759,Ernest,Wilson,ewilsonib@latimes.com,(859)252-4340,7 Bunting Circle,Lexington,KY,40546
760,Evelyn,Ellis,eellisic@psu.edu,(907)119-3322,9945 Fair Oaks Avenue,Fairbanks,AK,99709
761,Howard,Burke,hburkeid@msn.com,(718)385-9466,3481 Dunning Terrace,New York City,NY,10270
762,Louis,Hicks,lhicksie@goodreads.com,(205)586-3322,5 Loftsgordon Court,Birmingham,AL,35285
763,Nancy,Robinson,nrobinsonif@t-online.de,(405)564-2966,35010 Thompson Circle,Oklahoma City,OK,73135
764,Albert,Lawrence,alawrenceig@google.com.hk,(312)943-2951,7 Shelley Trail,Chicago,IL,60663
765,Antonio,Watson,awatsonih@earthlink.net,(321)430-8108,693 Westerfield Junction,Melbourne,FL,32941
766,Joe,Fowler,jfowlerii@vk.com,(321)636-1688,49992 Springview Place,Melbourne,FL,32941
767,Debra,Walker,dwalkerij@apache.org,(646)304-5175,3050 Village Alley,New York City,NY,10060
768,Ruby,Rice,rriceik@mac.com,(212)412-7951,14 Summerview Junction,New York City,NY,10024
769,Paul,Ramirez,pramirezil@deliciousdays.com,(479)263-1129,5430 Declaration Drive,Fort Smith,AR,72905
770,Lori,Vasquez,lvasquezim@indiegogo.com,(806)982-8354,0 Sullivan Avenue,Lubbock,TX,79491
771,Cynthia,Gilbert,cgilbertin@telegraph.co.uk,(713)326-4721,65406 Warbler Hill,Houston,TX,77234
772,Nicole,Snyder,nsnyderio@usda.gov,(408)716-1378,0453 Oriole Circle,Santa Clara,CA,95054
773,Amanda,Long,alongip@wikia.com,(612)371-9804,23 Park Meadow Crossing,Minneapolis,MN,55423
774,Donna,Stanley,dstanleyiq@biglobe.ne.jp,(254)351-4403,71 Bartelt Avenue,Killeen,TX,76544
775,Julie,Peterson,jpetersonir@vkontakte.ru,(814)820-6855,48 Westend Terrace,Erie,PA,16550
776,Marilyn,Arnold,marnoldis@flavors.me,(678)593-8012,3 Aberg Pass,Norcross,GA,30092
777,Kathryn,Martinez,kmartinezit@nba.com,(330)303-3626,31 Cottonwood Plaza,Warren,OH,44485
778,Earl,Peterson,epetersoniu@g.co,(440)324-2855,052 Lakewood Street,Cleveland,OH,44130
779,Denise,Fox,dfoxiv@theatlantic.com,(707)972-6734,352 Mockingbird Terrace,Petaluma,CA,94975
780,Marilyn,Gomez,mgomeziw@xrea.com,(408)821-8420,9 Nancy Circle,San Jose,CA,95173
781,Ruby,Young,ryoungix@cyberchimps.com,(609)672-8047,18 Mockingbird Hill,Trenton,NJ,8619
782,Barbara,Watkins,bwatkinsiy@netlog.com,(915)561-5055,16130 Badeau Circle,El Paso,TX,88574
783,Brandon,Adams,badamsiz@deviantart.com,(812)442-2232,7683 Spohn Way,Evansville,IN,47725
784,Gloria,Moreno,gmorenoj0@amazon.co.jp,(559)402-2637,2650 Goodland Point,Fresno,CA,93721
785,Karen,Turner,kturnerj1@bing.com,(713)789-6151,2 Old Gate Avenue,Houston,TX,77228
786,Denise,Murray,dmurrayj2@soundcloud.com,(301)833-0082,91552 Pearson Hill,Silver Spring,MD,20910
787,Martha,Gilbert,mgilbertj3@360.cn,(850)836-3389,3 Westend Trail,Pensacola,FL,32575
788,Ruby,Freeman,rfreemanj4@ucsd.edu,(212)237-2983,808 Haas Avenue,New York City,NY,10160
789,Ronald,Grant,rgrantj5@live.com,(619)199-4597,72307 Oak Valley Trail,San Diego,CA,92160
790,Amanda,Gilbert,agilbertj6@fastcompany.com,(713)219-5928,94 Everett Street,Pasadena,TX,77505
791,Nancy,Graham,ngrahamj7@va.gov,(904)187-0059,6157 Nobel Park,Jacksonville,FL,32225
792,Gerald,Gomez,ggomezj8@deliciousdays.com,(682)468-8610,96689 Harper Pass,Fort Worth,TX,76192
793,Roger,Murray,rmurrayj9@fema.gov,(312)750-4407,192 Maple Point,Chicago,IL,60609
794,George,Dunn,gdunnja@hud.gov,(404)646-1207,9577 Surrey Court,Atlanta,GA,30356
795,Ernest,Mcdonald,emcdonaldjb@friendfeed.com,(404)834-5922,695 Towne Point,Atlanta,GA,31190
796,Denise,Lane,dlanejc@europa.eu,(510)615-9072,601 Bonner Point,Richmond,CA,94807
797,Donna,Little,dlittlejd@columbia.edu,(816)241-9475,91170 Granby Drive,Kansas City,MO,64114
798,Lillian,Alexander,lalexanderje@mysql.com,(716)979-6531,42113 Dawn Court,Buffalo,NY,14276
799,Jean,Gutierrez,jgutierrezjf@cbslocal.com,(561)250-9235,03679 Starling Place,Boca Raton,FL,33499
800,Kenneth,Lawrence,klawrencejg@mapquest.com,(202)715-2060,78635 Butternut Road,Washington,DC,20540
801,Diane,King,dkingjh@answers.com,(928)957-9033,913 Crowley Lane,Prescott,AZ,86305
802,Mary,Snyder,msnyderji@mapy.cz,(405)536-8280,861 Towne Center,Oklahoma City,OK,73147
803,Gregory,Young,gyoungjj@intel.com,(307)823-9169,31591 Anzinger Road,Cheyenne,WY,82007
804,Deborah,Nguyen,dnguyenjk@instagram.com,(616)969-4556,89749 Lakewood Gardens Terrace,Grand Rapids,MI,49510
805,Andrea,Young,ayoungjl@infoseek.co.jp,(561)198-4387,3 Raven Hill,Pompano Beach,FL,33064
806,Lois,Foster,lfosterjm@de.vu,(713)945-9305,186 Johnson Street,Houston,TX,77228
807,Barbara,Torres,btorresjn@twitpic.com,(202)687-9513,2981 Butterfield Park,Washington,DC,20470
808,Linda,Morrison,lmorrisonjo@symantec.com,(970)190-3152,42351 Ridgeway Pass,Fort Collins,CO,80525
809,Susan,Willis,swillisjp@amazonaws.com,(785)746-9476,6478 Lerdahl Way,Topeka,KS,66611
810,Diane,Howard,dhowardjq@noaa.gov,(612)534-3865,7481 Scott Lane,Minneapolis,MN,55428
811,Paula,Lopez,plopezjr@google.nl,(801)811-1374,7 Elka Point,Provo,UT,84605
812,Ralph,Lawson,rlawsonjs@yandex.ru,(814)654-4518,8 Walton Junction,Erie,PA,16510
813,Kevin,Hughes,khughesjt@t-online.de,(713)768-5330,10 Beilfuss Circle,Spring,TX,77388
814,Gloria,Harper,gharperju@bing.com,(616)150-3662,6150 Nobel Alley,Grand Rapids,MI,49518
815,Kelly,Banks,kbanksjv@sina.com.cn,(314)222-4886,5326 Truax Circle,Saint Louis,MO,63158
816,Anthony,Bailey,abaileyjw@indiatimes.com,(256)268-1987,908 Quincy Street,Huntsville,AL,35805
817,Matthew,Dixon,mdixonjx@whitehouse.gov,(904)420-3124,395 Fairview Hill,Jacksonville,FL,32220
818,Jack,Harvey,jharveyjy@phpbb.com,(202)541-5120,5 Hoepker Terrace,Washington,DC,20392
819,Jesse,Smith,jsmithjz@4shared.com,(832)484-2374,5 Hazelcrest Point,Houston,TX,77055
820,Eric,Dunn,edunnk0@soundcloud.com,(704)190-5229,9 Armistice Junction,Charlotte,NC,28289
821,Marilyn,Reynolds,mreynoldsk1@reverbnation.com,(404)562-9590,40 Leroy Circle,Atlanta,GA,30380
822,Mary,Foster,mfosterk2@usgs.gov,(205)670-5118,3800 Montana Park,Birmingham,AL,35295
823,Diane,Ray,drayk3@baidu.com,(317)749-5745,5 Hermina Street,Indianapolis,IN,46278
824,Sarah,Baker,sbakerk4@prlog.org,(860)272-6382,2 Declaration Hill,Hartford,CT,6145
825,Ronald,Richardson,rrichardsonk5@hp.com,(305)103-6122,5902 Morrow Plaza,Boca Raton,FL,33487
826,Joan,Murray,jmurrayk6@indiegogo.com,(267)778-4141,3417 Mallard Center,Philadelphia,PA,19115
827,Kathleen,Peterson,kpetersonk7@acquirethisname.com,(312)814-8875,5674 Bartelt Terrace,Chicago,IL,60681
828,Joyce,Burke,jburkek8@unesco.org,(409)438-0979,91 Nevada Street,Spring,TX,77388
829,Theresa,Myers,tmyersk9@freewebs.com,(919)844-3298,515 Mcbride Avenue,Raleigh,NC,27615
830,Paul,Ferguson,pfergusonka@businessinsider.com,(212)271-0829,7692 Eagle Crest Court,New York City,NY,10120
831,Brian,Cunningham,bcunninghamkb@privacy.gov.au,(909)813-5270,24 Orin Crossing,San Bernardino,CA,92424
832,Samuel,George,sgeorgekc@goo.gl,(702)445-8532,7 Mccormick Terrace,Henderson,NV,89074
833,Mary,Ross,mrosskd@patch.com,(419)775-2890,62302 Debs Pass,Toledo,OH,43635
834,Virginia,Wheeler,vwheelerke@bloomberg.com,(940)887-2847,57611 Calypso Parkway,Denton,TX,76205
835,Deborah,Wilson,dwilsonkf@china.com.cn,(915)486-5303,1 Dunning Center,El Paso,TX,79945
836,Julie,Wheeler,jwheelerkg@sun.com,(260)287-9608,9 Ridgeway Way,Fort Wayne,IN,46867
837,Adam,Long,alongkh@t-online.de,(915)836-9929,3238 Rutledge Avenue,El Paso,TX,79994
838,Irene,Chavez,ichavezki@slideshare.net,(215)775-2451,2364 New Castle Lane,Philadelphia,PA,19131
839,Jose,Franklin,jfranklinkj@senate.gov,(804)503-7989,6 Cardinal Street,Richmond,VA,23242
840,Diane,Carter,dcarterkk@mozilla.com,(405)701-0478,5 Saint Paul Center,Oklahoma City,OK,73114
841,Debra,Peterson,dpetersonkl@live.com,(904)285-5032,807 Briar Crest Road,Jacksonville,FL,32209
842,Carol,James,cjameskm@addtoany.com,(801)143-2117,68 Elmside Hill,Ogden,UT,84409
843,Joshua,Carpenter,jcarpenterkn@about.com,(407)772-0490,4586 Scoville Pass,Orlando,FL,32891
844,Anne,Johnston,ajohnstonko@toplist.cz,(405)336-9713,1993 Acker Terrace,Oklahoma City,OK,73173
845,Judy,Jenkins,jjenkinskp@sfgate.com,(202)382-9327,0 Upham Point,Washington,DC,20566
846,Julie,Mills,jmillskq@desdev.cn,(717)379-1959,4 Westend Pass,Harrisburg,PA,17121
847,Denise,Howell,dhowellkr@toplist.cz,(813)334-7435,426 Talisman Pass,Tampa,FL,33673
848,Marie,Mendoza,mmendozaks@pbs.org,(212)891-8973,614 Delaware Junction,New York City,NY,10115
849,Randy,Dunn,rdunnkt@china.com.cn,(214)673-9266,724 Bobwhite Trail,Dallas,TX,75397
850,Dorothy,Robinson,drobinsonku@1688.com,(316)534-6651,635 Northfield Pass,Wichita,KS,67205
851,Scott,White,swhitekv@sfgate.com,(989)236-2465,13615 Iowa Circle,Saginaw,MI,48604
852,Jeremy,Castillo,jcastillokw@bloomberg.com,(612)112-5987,07 Bunker Hill Circle,Minneapolis,MN,55428
853,Richard,Castillo,rcastillokx@mozilla.org,(850)891-3625,507 Maywood Junction,Pensacola,FL,32595
854,Angela,Allen,aallenky@irs.gov,(305)232-8816,12 2nd Street,Miami,FL,33196
855,Julie,Banks,jbankskz@themeforest.net,(763)270-5690,290 Spenser Circle,Monticello,MN,55590
856,James,Elliott,jelliottl0@mozilla.org,(408)142-4258,053 Anhalt Terrace,San Jose,CA,95138
857,Maria,Gonzalez,mgonzalezl1@examiner.com,(202)652-0832,6 Lighthouse Bay Pass,Washington,DC,20409
858,Joshua,Lewis,jlewisl2@mapy.cz,(813)948-0327,57110 Saint Paul Junction,Tampa,FL,33673
859,Mildred,Castillo,mcastillol3@statcounter.com,(954)655-7021,9 Division Road,Hollywood,FL,33028
860,Martha,Howard,mhowardl4@geocities.com,(979)869-1455,91332 Chive Trail,Bryan,TX,77806
861,Joseph,Cook,jcookl5@blogger.com,(612)252-9382,5717 Talmadge Lane,Saint Paul,MN,55127
862,Antonio,Evans,aevansl6@istockphoto.com,(919)662-2565,14 Waxwing Plaza,Raleigh,NC,27635
863,Brian,Perez,bperezl7@wisc.edu,(617)600-3346,74 Sutherland Street,Boston,MA,2208
864,Larry,Black,lblackl8@google.it,(515)230-0213,27283 South Way,Des Moines,IA,50981
865,Teresa,Carr,tcarrl9@tamu.edu,(254)289-6642,2 Lerdahl Place,Gatesville,TX,76598
866,Frank,Montgomery,fmontgomeryla@nymag.com,(626)355-6362,67 Loftsgordon Junction,Alhambra,CA,91841
867,Carolyn,Fields,cfieldslb@paginegialle.it,(937)501-3287,81116 Carey Road,Dayton,OH,45432
868,John,Scott,jscottlc@tiny.cc,(302)143-9476,45271 Elka Park,Wilmington,DE,19897
869,Bruce,Hall,bhallld@narod.ru,(915)641-0402,3 Ruskin Point,El Paso,TX,79945
870,Scott,Martin,smartinle@seattletimes.com,(225)237-0696,56 Petterle Circle,Baton Rouge,LA,70820
871,Phillip,Hunt,phuntlf@theatlantic.com,(908)164-4310,42672 Myrtle Drive,Elizabeth,NJ,7208
872,Ryan,Austin,raustinlg@ft.com,(573)129-9163,90 Prairie Rose Point,Jefferson City,MO,65105
873,Robert,Franklin,rfranklinlh@ow.ly,(915)800-5719,091 Melby Trail,El Paso,TX,88519
874,Marilyn,Bell,mbellli@storify.com,(206)138-7598,850 Maywood Road,Kent,WA,98042
875,Heather,Ray,hraylj@opera.com,(303)756-4832,5455 Warner Pass,Aurora,CO,80015
876,Cynthia,Burns,cburnslk@state.gov,(602)205-9709,109 Bunker Hill Crossing,Phoenix,AZ,85083
877,Timothy,Green,tgreenll@boston.com,(937)966-8815,07504 Lighthouse Bay Lane,Dayton,OH,45490
878,Scott,Robinson,srobinsonlm@pcworld.com,(202)196-5521,050 John Wall Lane,Washington,DC,20205
879,Judith,Banks,jbanksln@reuters.com,(904)791-4505,3 Rusk Parkway,Jacksonville,FL,32209
880,Phyllis,Day,pdaylo@booking.com,(336)268-7406,8075 Thierer Hill,Greensboro,NC,27409
881,Sara,Warren,swarrenlp@icq.com,(651)278-8268,44 Lotheville Junction,Saint Paul,MN,55115
882,Mildred,Payne,mpaynelq@rakuten.co.jp,(206)634-5126,36 Gina Street,Seattle,WA,98133
883,Melissa,Hernandez,mhernandezlr@oaic.gov.au,(334)547-4958,355 Schiller Park,Montgomery,AL,36114
884,Anne,Barnes,abarnesls@yolasite.com,(806)865-4134,0598 Crownhardt Park,Amarillo,TX,79116
885,Stephen,Cook,scooklt@dropbox.com,(239)118-6129,18465 Sommers Terrace,Naples,FL,34114
886,Paul,Little,plittlelu@mediafire.com,(612)627-3955,80 Columbus Drive,Saint Paul,MN,55103
887,Daniel,Rivera,driveralv@google.com.au,(606)839-3087,64300 Duke Place,London,KY,40745
888,Lori,Harris,lharrislw@mediafire.com,(301)595-2657,65 Hintze Park,Silver Spring,MD,20910
889,Keith,Johnson,kjohnsonlx@wikispaces.com,(404)686-0215,80 Merchant Point,Atlanta,GA,30392
890,Martha,Smith,msmithly@alexa.com,(513)914-5441,133 Ridge Oak Circle,Cincinnati,OH,45218
891,Cheryl,Simmons,csimmonslz@washingtonpost.com,(212)772-6071,858 Esker Road,New York City,NY,10292
892,Angela,Schmidt,aschmidtm0@nymag.com,(479)265-0242,0686 Del Mar Parkway,Fort Smith,AR,72905
893,Christopher,Williamson,cwilliamsonm1@columbia.edu,(512)405-9136,498 Randy Court,Austin,TX,78732
894,Randy,Parker,rparkerm2@shutterfly.com,(937)524-2424,69577 Rieder Park,Dayton,OH,45414
895,Carolyn,Clark,cclarkm3@usgs.gov,(213)343-3558,61 Westend Center,Los Angeles,CA,90030
896,Alan,Anderson,aandersonm4@wikispaces.com,(936)915-0820,25474 Mendota Point,Beaumont,TX,77713
897,Henry,Reynolds,hreynoldsm5@businessweek.com,(602)949-5412,90084 Beilfuss Court,Phoenix,AZ,85083
898,Henry,Chavez,hchavezm6@taobao.com,(509)718-8037,47 Springs Parkway,Spokane,WA,99252
899,Keith,Castillo,kcastillom7@hostgator.com,(719)834-9625,64 South Terrace,Colorado Springs,CO,80905
900,Patrick,Reyes,preyesm8@amazon.de,(901)837-6284,56132 Tennessee Point,Memphis,TN,38114
901,Gerald,Nelson,gnelsonm9@sourceforge.net,(843)445-4993,5 Anthes Road,Charleston,SC,29416
902,Gerald,Gilbert,ggilbertma@deliciousdays.com,(912)689-7216,999 Ryan Circle,Savannah,GA,31410
903,Christina,Knight,cknightmb@cargocollective.com,(859)390-1291,5384 Sunnyside Center,Lexington,KY,40546
904,Scott,Burke,sburkemc@ustream.tv,(413)295-7391,522 8th Center,Springfield,MA,1152
905,Brenda,Daniels,bdanielsmd@wp.com,(469)536-7166,1131 Jana Avenue,Dallas,TX,75216
906,Ruth,Stephens,rstephensme@nps.gov,(513)504-6443,7560 Fallview Park,Cincinnati,OH,45264
907,Jason,Ellis,jellismf@blogs.com,(314)196-8114,38 Pearson Terrace,Saint Louis,MO,63121
908,Christine,Rivera,criveramg@cornell.edu,(919)319-4072,6798 Sunfield Hill,Raleigh,NC,27605
909,Linda,Morris,lmorrismh@360.cn,(281)735-0478,4 Lake View Circle,Houston,TX,77050
910,Andrea,Welch,awelchmi@zimbio.com,(316)703-8874,72368 Carberry Trail,Wichita,KS,67230
911,Bobby,Nelson,bnelsonmj@baidu.com,(318)902-8628,90 Dunning Parkway,Shreveport,LA,71115
912,Rose,Hayes,rhayesmk@un.org,(901)126-4679,4422 Nobel Place,Memphis,TN,38143
913,Karen,Welch,kwelchml@4shared.com,(651)733-6235,289 Hollow Ridge Way,Minneapolis,MN,55402
914,Deborah,Spencer,dspencermm@mozilla.org,(812)501-6857,41033 Helena Circle,Evansville,IN,47705
915,Louise,Jones,ljonesmn@dropbox.com,(336)546-6889,998 Birchwood Plaza,Greensboro,NC,27499
916,Melissa,Rose,mrosemo@slashdot.org,(316)380-4094,89319 Village Green Parkway,Wichita,KS,67260
917,Emily,Reyes,ereyesmp@bluehost.com,(253)653-7165,820 Green Ridge Parkway,Tacoma,WA,98411
918,Jimmy,Kennedy,jkennedymq@jimdo.com,(480)117-8104,91453 Muir Lane,Phoenix,AZ,85045
919,Amanda,Pierce,apiercemr@google.pl,(864)191-7994,9720 Grover Road,Greenville,SC,29610
920,Wayne,Howell,whowellms@fastcompany.com,(480)281-8498,95962 Steensland Place,Chandler,AZ,85246
921,Gregory,Wood,gwoodmt@cisco.com,(916)540-8979,78 Homewood Terrace,Sacramento,CA,94230
922,Todd,Wood,twoodmu@yahoo.co.jp,(254)248-1120,1680 Gulseth Lane,Temple,TX,76505
923,Brandon,Boyd,bboydmv@spiegel.de,(951)355-4942,957 Talmadge Junction,Moreno Valley,CA,92555
924,Harry,Edwards,hedwardsmw@nytimes.com,(801)893-2797,97052 Barby Plaza,Salt Lake City,UT,84189
925,Gary,Ferguson,gfergusonmx@theatlantic.com,(919)591-4857,44166 Sunnyside Parkway,Raleigh,NC,27658
926,Julia,Perkins,jperkinsmy@imageshack.us,(719)922-0708,79888 Rigney Court,Colorado Springs,CO,80915
927,Thomas,Cunningham,tcunninghammz@webeden.co.uk,(360)874-5676,776 Tennyson Circle,Seattle,WA,98121
928,Martha,Coleman,mcolemann0@examiner.com,(469)300-8723,46 Bluejay Court,Dallas,TX,75216
929,Shawn,Adams,sadamsn1@seesaa.net,(916)109-2693,100 Macpherson Place,Sacramento,CA,94250
930,Diane,Jackson,djacksonn2@multiply.com,(716)909-4234,284 Melrose Trail,Buffalo,NY,14233
931,Donald,Larson,dlarsonn3@about.com,(952)829-0189,101 Ridge Oak Point,Young America,MN,55557
932,Shirley,Harvey,sharveyn4@indiegogo.com,(801)545-2069,0255 Merrick Lane,Provo,UT,84605
933,Roy,Meyer,rmeyern5@histats.com,(954)237-1058,140 Tennessee Way,Fort Lauderdale,FL,33330
934,Debra,Phillips,dphillipsn6@multiply.com,(713)890-9741,56311 Forest Run Parkway,Spring,TX,77388
935,Catherine,Hart,chartn7@amazonaws.com,(904)176-0788,0523 Vera Parkway,Jacksonville,FL,32209
936,Paula,Collins,pcollinsn8@telegraph.co.uk,(202)297-7367,829 Hoepker Drive,Washington,DC,20535
937,Adam,Sullivan,asullivann9@alibaba.com,(202)297-6879,3 Atwood Way,Washington,DC,20414
938,Jesse,Jones,jjonesna@epa.gov,(260)712-5305,906 Lighthouse Bay Hill,Fort Wayne,IN,46896
939,Christopher,Ross,crossnb@bbb.org,(843)383-9749,935 5th Point,Beaufort,SC,29905
940,Heather,White,hwhitenc@godaddy.com,(717)512-3354,48909 Namekagon Point,Harrisburg,PA,17126
941,Chris,Moreno,cmorenond@mac.com,(907)709-6086,8740 Oak Valley Park,Fairbanks,AK,99790
942,Gerald,Green,ggreenne@wisc.edu,(203)541-4782,242 Eastlawn Drive,New Haven,CT,6510
943,Johnny,Ruiz,jruiznf@nba.com,(202)731-4171,70917 Meadow Valley Crossing,Washington,DC,20337
944,Carlos,Morales,cmoralesng@ed.gov,(517)792-4134,8 Jay Way,Lansing,MI,48956
945,Gloria,Ramos,gramosnh@xing.com,(646)144-6692,32091 Ryan Street,New York City,NY,10110
946,Lawrence,Sanchez,lsanchezni@prlog.org,(415)283-9050,07 Ronald Regan Center,San Francisco,CA,94164
947,Philip,Hayes,phayesnj@adobe.com,(510)315-1807,76 Transport Crossing,Oakland,CA,94622
948,George,Ortiz,gortiznk@dropbox.com,(508)876-5965,66703 Summerview Lane,Boston,MA,2119
949,Lois,Andrews,landrewsnl@tripadvisor.com,(915)181-3084,164 Summer Ridge Point,El Paso,TX,88530
950,Russell,Lawson,rlawsonnm@ebay.com,(979)278-7081,1862 Hoffman Terrace,College Station,TX,77844
951,Richard,George,rgeorgenn@usda.gov,(614)750-2828,4 Doe Crossing Parkway,Columbus,OH,43226
952,Cheryl,Moore,cmooreno@networksolutions.com,(253)648-0305,2849 Badeau Trail,Tacoma,WA,98411
953,Sarah,Sims,ssimsnp@issuu.com,(619)409-5898,2386 Springs Park,San Diego,CA,92191
954,Lori,Little,llittlenq@alibaba.com,(702)579-9171,46474 Cambridge Lane,Las Vegas,NV,89105
955,Lawrence,Johnston,ljohnstonnr@quantcast.com,(601)855-5614,89603 Red Cloud Road,Jackson,MS,39296
956,Andrew,Nelson,anelsonns@networkadvertising.org,(719)143-5942,59 Ilene Parkway,Colorado Springs,CO,80930
957,Jeremy,Fields,jfieldsnt@nydailynews.com,(757)236-2329,478 Killdeer Circle,Portsmouth,VA,23705
958,Shawn,Palmer,spalmernu@scientificamerican.com,(212)831-9820,88 Holy Cross Point,New York City,NY,10131
959,Laura,Rice,lricenv@hatena.ne.jp,(281)968-6949,620 Pankratz Avenue,Houston,TX,77293
960,Justin,Hunt,jhuntnw@ox.ac.uk,(240)466-3332,33843 Straubel Drive,Frederick,MD,21705
961,Margaret,Myers,mmyersnx@comcast.net,(612)666-3759,27913 Vahlen Plaza,Minneapolis,MN,55480
962,Clarence,Hicks,chicksny@webs.com,(415)609-4474,06 Meadow Ridge Terrace,Oakland,CA,94611
963,Billy,Lawrence,blawrencenz@mashable.com,(402)518-9119,8606 Birchwood Lane,Omaha,NE,68110
964,Emily,Stevens,estevenso0@yellowbook.com,(215)503-0055,2 Novick Drive,Philadelphia,PA,19141
965,Anthony,Bradley,abradleyo1@pagesperso-orange.fr,(806)783-0049,17 Bluestem Street,Lubbock,TX,79415
966,Joe,Smith,jsmitho2@4shared.com,(817)730-2779,04 Kenwood Place,Fort Worth,TX,76147
967,Juan,Thompson,jthompsono3@ibm.com,(650)559-0577,5090 Lukken Center,Sunnyvale,CA,94089
968,Steven,Taylor,stayloro4@desdev.cn,(570)788-6415,32 Dovetail Terrace,Wilkes Barre,PA,18763
969,Jerry,Hudson,jhudsono5@webnode.com,(912)410-8851,90077 Forster Point,Savannah,GA,31405
970,Michelle,Wheeler,mwheelero6@yellowbook.com,(763)107-5772,3 Graceland Park,Minneapolis,MN,55423
971,Pamela,Carpenter,pcarpentero7@google.co.uk,(803)537-1843,181 Becker Road,Columbia,SC,29203
972,Jennifer,Porter,jportero8@com.com,(504)249-1112,3 Jenifer Crossing,New Orleans,LA,70124
973,Sharon,Harper,sharpero9@w3.org,(864)382-1624,88604 Porter Park,Anderson,SC,29625
974,Rose,Cooper,rcooperoa@t.co,(309)274-6913,0 Weeping Birch Avenue,Bloomington,IL,61709
975,Howard,Ortiz,hortizob@psu.edu,(202)346-9226,12420 Talmadge Trail,Alexandria,VA,22301
976,Joan,Bryant,jbryantoc@reddit.com,(770)306-6840,32 Bayside Park,Decatur,GA,30033
977,Christopher,Brooks,cbrooksod@sphinn.com,(719)255-4327,77000 Comanche Place,Pueblo,CO,81010
978,Karen,Frazier,kfrazieroe@trellian.com,(714)473-9512,0460 Dottie Parkway,Anaheim,CA,92812
979,Wanda,Graham,wgrahamof@deviantart.com,(505)229-4521,70 Parkside Park,Albuquerque,NM,87201
980,Theresa,Bennett,tbennettog@gizmodo.com,(608)730-9648,223 Welch Pass,Madison,WI,53790
981,Debra,Black,dblackoh@statcounter.com,(727)560-2767,774 Acker Park,Clearwater,FL,34615
982,Karen,Martin,kmartinoi@4shared.com,(602)582-9988,79 Bay Lane,Phoenix,AZ,85010
983,Elizabeth,Hanson,ehansonoj@slate.com,(772)607-9944,0 Reindahl Junction,Fort Pierce,FL,34981
984,Diana,Allen,dallenok@quantcast.com,(317)507-2269,9 Northfield Lane,Indianapolis,IN,46207
985,Steven,Cooper,scooperol@go.com,(231)475-2348,91 Ramsey Crossing,Muskegon,MI,49444
986,Joseph,Bradley,jbradleyom@baidu.com,(513)983-2239,31 Tony Street,Cincinnati,OH,45243
987,Kathy,Reynolds,kreynoldson@washingtonpost.com,(202)487-0796,1090 Karstens Alley,Washington,DC,20580
988,Pamela,Kim,pkimoo@go.com,(806)242-1871,3815 Debra Hill,Amarillo,TX,79118
989,Jerry,Ruiz,jruizop@blog.com,(614)546-6274,9812 Cody Plaza,Columbus,OH,43226
990,Gary,Richards,grichardsoq@craigslist.org,(520)139-9228,76 Rusk Street,Tucson,AZ,85720
991,Joyce,Wagner,jwagneror@umn.edu,(816)768-1231,1256 Esker Lane,Kansas City,MO,64199
992,Robin,Sullivan,rsullivanos@discovery.com,(414)359-1936,32582 Park Meadow Parkway,Milwaukee,WI,53215
993,Joan,Duncan,jduncanot@linkedin.com,(540)214-6305,53 Anzinger Court,Roanoke,VA,24048
994,George,Flores,gfloresou@yellowpages.com,(858)100-2220,809 Messerschmidt Road,San Diego,CA,92121
995,Gerald,Roberts,grobertsov@nba.com,(213)965-8789,762 Bluestem Point,Los Angeles,CA,90081
996,Carlos,Gardner,cgardnerow@mlb.com,(307)768-6760,79677 8th Lane,Cheyenne,WY,82007
997,Sean,Bailey,sbaileyox@archive.org,(213)412-9669,5 Knutson Lane,Los Angeles,CA,90055
998,Kenneth,Hunter,khunteroy@edublogs.org,(208)643-8976,92 Mandrake Trail,Pocatello,ID,83206
999,Randy,Harper,rharperoz@pbs.org,(509)734-6981,3696 Jay Point,Spokane,WA,99252
1000,Victor,Woods,vwoodsp0@blogtalkradio.com,(786)720-8933,00 Bunting Terrace,Miami,FL,33164
1001,Tammy,Scott,tscottp1@jugem.jp,(318)903-6631,29 Dunning Parkway,Shreveport,LA,71161
1002,Shawn,Bennett,sbennettp2@mail.ru,(610)909-8789,5525 Dakota Trail,Philadelphia,PA,19151
1003,Judy,Spencer,jspencerp3@va.gov,(312)820-7574,1 Elka Court,Chicago,IL,60697
1004,Joseph,Lynch,jlynchp4@state.tx.us,(212)660-9633,12583 Lerdahl Alley,New York City,NY,10115
1005,Daniel,Sims,dsimsp5@goo.gl,(713)739-9747,69 Sunnyside Plaza,Houston,TX,77218
1006,Wanda,Brooks,wbrooksp6@1und1.de,(908)574-9985,313 Southridge Drive,Elizabeth,NJ,7208
1007,Tina,Lee,tleep7@noaa.gov,(661)870-2327,13 Cascade Center,Bakersfield,CA,93386
1008,Todd,King,tkingp8@hao123.com,(202)343-7248,7632 Ohio Court,Washington,DC,20005
1009,Willie,Robinson,wrobinsonp9@comcast.net,(763)915-6003,48376 Fulton Drive,Minneapolis,MN,55448
1010,Norma,Williamson,nwilliamsonpa@sun.com,(218)893-2487,894 Delaware Road,Duluth,MN,55811
1011,Gary,Bishop,gbishoppb@github.io,(910)564-9174,28847 Dwight Street,Wilmington,NC,28410
1012,Jean,Young,jyoungpc@cbslocal.com,(256)847-2003,2 Michigan Terrace,Huntsville,AL,35895
1013,Richard,Rose,rrosepd@sitemeter.com,(321)504-0629,4 Montana Hill,Melbourne,FL,32919
1014,Harry,Dean,hdeanpe@bloglovin.com,(318)244-8339,3 Luster Road,Shreveport,LA,71151
1015,Pamela,Schmidt,pschmidtpf@gnu.org,(619)338-7692,38 Dorton Road,San Diego,CA,92137
1016,Alan,Lane,alanepg@mapquest.com,(708)597-3506,39517 Brickson Park Drive,Schaumburg,IL,60193
1017,Helen,Moreno,hmorenoph@upenn.edu,(915)835-7090,18 Dawn Crossing,El Paso,TX,79994
1018,Patricia,Henderson,phendersonpi@alibaba.com,(562)402-8324,5 Emmet Circle,Long Beach,CA,90847
1019,Rose,Jenkins,rjenkinspj@gov.uk,(862)230-5426,68263 Petterle Avenue,Paterson,NJ,7544
1020,Paul,Meyer,pmeyerpk@zdnet.com,(262)654-3933,7914 Waubesa Road,Milwaukee,WI,53210
1021,Michelle,Harris,mharrispl@time.com,(901)549-6148,92323 Kings Street,Memphis,TN,38126
1022,Christine,Castillo,ccastillopm@trellian.com,(202)224-4347,5116 Farwell Avenue,Washington,DC,20231
1023,Andrea,Frazier,afrazierpn@quantcast.com,(805)315-3961,9669 Shoshone Place,Bakersfield,CA,93311
1024,Jessica,King,jkingpo@simplemachines.org,(205)328-8301,7986 Rieder Plaza,Birmingham,AL,35279
1025,Judy,Watson,jwatsonpp@photobucket.com,(419)631-9431,63868 New Castle Lane,Toledo,OH,43656
1026,Susan,Austin,saustinpq@springer.com,(515)642-0431,08 Karstens Plaza,Des Moines,IA,50305
1027,Arthur,Harper,aharperpr@usda.gov,(757)953-4177,7263 Fuller Plaza,Newport News,VA,23605
1028,Timothy,Kim,tkimps@sciencedirect.com,(248)248-4484,8 Montana Park,Detroit,MI,48258
1029,David,Myers,dmyerspt@jugem.jp,(208)541-2841,07398 Delaware Circle,Boise,ID,83727
1030,Patricia,Stone,pstonepu@spotify.com,(574)190-3953,989 Sachtjen Junction,South Bend,IN,46634
1031,Helen,Hughes,hhughespv@shinystat.com,(919)847-6672,8771 Lighthouse Bay Circle,Raleigh,NC,27690
1032,Jane,Ford,jfordpw@nba.com,(937)251-7782,7 Shoshone Parkway,Dayton,OH,45419
1033,Catherine,Riley,crileypx@sun.com,(605)720-9738,46450 Becker Terrace,Sioux Falls,SD,57188
1034,Cynthia,Johnston,cjohnstonpy@blog.com,(212)389-0231,16 Springs Trail,New York City,NY,10014
1035,Robin,Sims,rsimspz@jugem.jp,(312)969-2913,4 Fairfield Court,Chicago,IL,60686
1036,Gary,Sims,gsimsq0@soundcloud.com,(862)467-4697,8 Warbler Alley,Paterson,NJ,7505
1037,Joshua,Crawford,jcrawfordq1@ocn.ne.jp,(336)767-0890,348 Bartillon Way,Winston Salem,NC,27110
1038,Robert,Anderson,randersonq2@desdev.cn,(504)391-4512,97490 Muir Drive,New Orleans,LA,70142
1039,William,Harper,wharperq3@blogger.com,(614)226-5685,7 Corscot Pass,Columbus,OH,43210
1040,Adam,Patterson,apattersonq4@prlog.org,(716)296-8015,2 Weeping Birch Park,Buffalo,NY,14220
1041,Jane,Daniels,jdanielsq5@cdc.gov,(714)733-4783,4001 Moose Plaza,Anaheim,CA,92825
1042,Ann,Hawkins,ahawkinsq6@tripadvisor.com,(515)257-5809,1518 Bluestem Road,Des Moines,IA,50320
1043,Walter,Henry,whenryq7@reverbnation.com,(317)448-0530,1680 Everett Road,Indianapolis,IN,46254
1044,Laura,Wilson,lwilsonq8@bluehost.com,(806)679-2197,08717 Dwight Parkway,Amarillo,TX,79171
1045,Joshua,Clark,jclarkq9@taobao.com,(850)758-3288,88 Goodland Center,Pensacola,FL,32511
1046,Douglas,Gray,dgrayqa@multiply.com,(314)660-5133,91 Fairfield Avenue,Saint Louis,MO,63143
1047,Ruth,Long,rlongqb@posterous.com,(202)682-5794,7353 Bluejay Road,Washington,DC,20046
1048,Brenda,Harrison,bharrisonqc@auda.org.au,(605)835-2328,5 Aberg Avenue,Sioux Falls,SD,57193
1049,Sandra,Ward,swardqd@miibeian.gov.cn,(928)563-0560,6433 Dottie Drive,Prescott,AZ,86305
1050,Craig,Cook,ccookqe@free.fr,(757)831-8996,2672 Green Ridge Point,Hampton,VA,23663
1051,Amy,Walker,awalkerqf@4shared.com,(603)621-4186,0 Buell Trail,Manchester,NH,3105
1052,Maria,Garcia,mgarciaqg@live.com,(401)335-1671,25544 Bay Alley,Providence,RI,2905
1053,Shirley,Long,slongqh@gnu.org,(850)971-7975,6 Merchant Terrace,Tallahassee,FL,32309
1054,Debra,Rivera,driveraqi@accuweather.com,(304)738-8755,0 Lakewood Plaza,Morgantown,WV,26505
1055,Jesse,Franklin,jfranklinqj@desdev.cn,(503)572-6870,7 Victoria Court,Portland,OR,97296
1056,Linda,Moore,lmooreqk@wired.com,(704)832-9411,0314 Schurz Crossing,Winston Salem,NC,27105
1057,Deborah,Carpenter,dcarpenterql@blinklist.com,(719)330-2371,532 Melrose Center,Colorado Springs,CO,80935
1058,Clarence,Moore,cmooreqm@4shared.com,(214)761-0340,563 Bellgrove Alley,Dallas,TX,75210
1059,James,Stone,jstoneqn@quantcast.com,(814)382-2841,3 Porter Circle,Erie,PA,16510
1060,John,Stevens,jstevensqo@cnbc.com,(480)708-3636,04301 Jay Park,Phoenix,AZ,85020
1061,Linda,Grant,lgrantqp@livejournal.com,(212)229-5864,01 Starling Point,New York City,NY,10160
1062,Laura,Bradley,lbradleyqq@yandex.ru,(319)656-5018,5465 Towne Plaza,Cedar Rapids,IA,52410
1063,Lori,Parker,lparkerqr@paypal.com,(305)985-9164,03891 Ridge Oak Plaza,Naples,FL,33961
1064,Terry,Holmes,tholmesqs@purevolume.com,(937)432-5651,3 Vermont Park,Dayton,OH,45470
1065,Teresa,Arnold,tarnoldqt@woothemes.com,(251)243-8568,01835 5th Parkway,Mobile,AL,36670
1066,Matthew,Snyder,msnyderqu@reference.com,(304)568-0522,7 Anhalt Avenue,Huntington,WV,25775
1067,Jose,Nelson,jnelsonqv@yale.edu,(303)158-9136,42 Cambridge Park,Denver,CO,80223
1068,Gloria,Hughes,ghughesqw@51.la,(304)499-6990,9675 Ludington Junction,Huntington,WV,25709
1069,Terry,Rodriguez,trodriguezqx@prweb.com,(202)963-6366,00410 Algoma Lane,Washington,DC,20540
1070,Carolyn,Welch,cwelchqy@tinypic.com,(808)537-4851,829 Lunder Park,Honolulu,HI,96835
1071,Cynthia,Matthews,cmatthewsqz@merriam-webster.com,(202)626-9439,171 Gateway Drive,Washington,DC,20397
1072,Shawn,Rice,sricer0@dedecms.com,(248)682-3907,81644 Sundown Center,Troy,MI,48098
1073,Debra,Ford,dfordr1@economist.com,(716)253-0208,1428 Anderson Drive,Buffalo,NY,14215
1074,Jacqueline,Ward,jwardr2@hao123.com,(601)351-2679,53 Buhler Street,Hattiesburg,MS,39404
1075,Shirley,Walker,swalkerr3@tumblr.com,(515)365-5774,900 Upham Park,Des Moines,IA,50315
1076,James,Miller,jmillerr4@tamu.edu,(561)650-9721,818 Warbler Trail,Lake Worth,FL,33462
1077,Jerry,Welch,jwelchr5@scientificamerican.com,(314)905-1639,30199 Commercial Place,Saint Louis,MO,63196
1078,Amy,Sanders,asandersr6@cisco.com,(309)696-8434,9978 Miller Alley,Peoria,IL,61614
1079,Randy,Daniels,rdanielsr7@lulu.com,(952)340-0298,29 Steensland Parkway,Young America,MN,55551
1080,Pamela,Alvarez,palvarezr8@opensource.org,(315)173-9012,782 Tomscot Circle,Syracuse,NY,13224
1081,Steve,Butler,sbutlerr9@stanford.edu,(719)138-8823,9642 Mendota Terrace,Pueblo,CO,81005
1082,Todd,Bowman,tbowmanra@arstechnica.com,(469)335-2374,510 Merry Crossing,Dallas,TX,75205
1083,Mark,West,mwestrb@dagondesign.com,(205)801-0026,594 Meadow Vale Circle,Birmingham,AL,35220
1084,Nicholas,Wells,nwellsrc@hibu.com,(614)682-5762,1884 Mosinee Place,Columbus,OH,43240
1085,Ruby,Moreno,rmorenord@naver.com,(404)601-6998,83739 Mitchell Avenue,Duluth,GA,30195
1086,Ashley,West,awestre@devhub.com,(218)232-9304,65 Golf View Plaza,Duluth,MN,55811
1087,Lawrence,Grant,lgrantrf@weibo.com,(720)176-5507,3 Mariners Cove Alley,Denver,CO,80235
1088,John,Kim,jkimrg@ox.ac.uk,(901)402-5175,6 Arizona Point,Memphis,TN,38188
1089,Emily,Ross,erossrh@cdbaby.com,(404)435-8865,824 Truax Place,Atlanta,GA,30336
1090,Martha,Palmer,mpalmerri@com.com,(312)538-0738,98621 Burrows Avenue,Chicago,IL,60691
1091,Beverly,Burke,bburkerj@disqus.com,(202)105-2942,1 Morrow Trail,Washington,DC,20535
1092,Todd,Mitchell,tmitchellrk@sourceforge.net,(209)752-5895,962 Sutteridge Park,Visalia,CA,93291
1093,Helen,Carter,hcarterrl@seattletimes.com,(412)548-5472,73 Oxford Way,Pittsburgh,PA,15240
1094,Benjamin,Schmidt,bschmidtrm@cbc.ca,(916)821-6533,61733 Norway Maple Way,Sacramento,CA,94207
1095,Helen,Castillo,hcastillorn@behance.net,(918)612-1410,218 American Ash Lane,Tulsa,OK,74170
1096,Peter,Crawford,pcrawfordro@de.vu,(757)162-1265,0915 Grayhawk Street,Herndon,VA,22070
1097,Samuel,Fields,sfieldsrp@reverbnation.com,(304)197-3872,24 Scott Pass,Huntington,WV,25726
1098,Michael,Gonzalez,mgonzalezrq@hud.gov,(540)782-9635,48057 Hagan Place,Roanoke,VA,24009
1099,Louise,Morrison,lmorrisonrr@nifty.com,(786)955-3070,6 Donald Junction,Miami,FL,33147
